snp,mean_MeanDecreaseGini,max_MeanDecreaseGini
rs3850684,1.26176931038819,1.75065112336355
rs4965490,1.21423902183688,1.4228075512408
rs2693405,1.20215127246618,1.70504437862369
rs7604116,1.10459391564176,1.57154164593274
rs12779769,1.01648269748167,1.34525325537131
rs11695074,0.985428056281434,1.34768645605235
rs12926841,0.975514665431667,1.50334684366672
rs17017286,0.94163839790857,1.43862143888456
rs6614240,0.928957257896573,1.11512727110671
rs11700637,0.919678309208456,1.46197942711159
rs7014019,0.900425402748643,1.24228299681009
rs13072698,0.889392607034684,1.38389548133823
rs6763026,0.880468736274322,0.97328396180334
rs16916972,0.850796150745565,0.975282072841158
rs2196649,0.840641287719032,1.25376506921654
rs12585556,0.833709357885883,1.08368842846837
rs2060227,0.833320169521407,1.44747334562734
rs6071243,0.826697752962021,0.831296699583922
rs7356254,0.815967567526813,1.12813690014568
rs12351590,0.810513718644158,1.2937495039653
rs2325814,0.803492986025786,1.08209187425062
rs596218,0.797147597838128,1.07330861439602
rs1362247,0.783079364792676,1.16697376412876
rs2847111,0.780709761041394,1.17224159136699
rs7982514,0.780068636573784,1.22675653951275
rs4393076,0.766763717019839,1.03899572656219
rs441341,0.765811835818437,0.897442800586456
rs11021376,0.760462995977333,1.02016548860752
rs12149070,0.759261392337109,0.864043565056838
rs11567697,0.758996722744072,1.2973074689097
rs5972117,0.754974716741499,0.996021483909879
rs2635268,0.750389869935837,0.98086302541843
rs12395380,0.732148829047019,0.926422233500502
rs13109710,0.730278297501515,1.19581616716974
rs6504989,0.72873980105327,0.816172197215843
rs2627907,0.728571460251524,0.941854441039568
rs7677204,0.716397222068119,1.06670379453091
rs10488877,0.716194899895384,1.13762998669605
rs7599536,0.71363005156788,0.936949924749319
rs4954265,0.710400219030923,1.12746491544795
rs11000723,0.707550767111969,1.09570209663214
rs10158298,0.70672190541252,0.850663980695755
rs904462,0.705567842231882,0.897543140185406
rs11180576,0.704496287024169,1.03149316664481
rs4240341,0.700013038244307,0.918364015666939
rs13374447,0.691563668130052,1.1733357050728
rs4794779,0.690893091524602,0.925015525611866
rs608142,0.688423804781664,0.960443467104517
rs17831760,0.687862435290405,1.28888966326559
rs2842826,0.687201123593126,1.23431453972642
rs1575892,0.681442768682616,0.93117736680094
rs2816369,0.67413234006043,1.06800389788734
rs3113774,0.670183442782394,0.853646984174117
rs9864051,0.668650692935448,0.870894635406598
rs7755056,0.667164590357179,0.698029250649212
rs4945340,0.66709029046225,0.942192591151017
rs7643131,0.66594758488945,1.00617088677778
rs16853120,0.663559905457636,0.976546965973399
rs855789,0.662754863075643,0.917866725567937
rs4308866,0.657751092439047,0.759352716446601
rs17041775,0.657747012830822,1.14897517841652
rs11708694,0.657300679208989,0.672483522031727
rs1918135,0.65484557899054,0.698569887950104
rs8064405,0.654623984633771,0.692045648537389
rs6653323,0.654047940625494,0.769540441498228
rs2054247,0.653656946718908,0.899214039985508
rs406255,0.652290093225396,0.957232252158976
rs7772436,0.651090470045014,0.870403380245911
rs17837621,0.64872436505873,0.907715476360447
rs4764219,0.647947721395384,0.69916559424363
rs4243356,0.645649203118916,0.793140887488268
rs17338877,0.640310912083509,1.0046682803437
rs7190182,0.635170446309605,0.961538268763584
rs2652227,0.635143416400992,0.735162408274344
rs4986597,0.628274337525774,0.728680880682366
rs7572987,0.626738624999145,0.827583846120955
rs6525524,0.626587095900415,0.760786346499716
rs1927234,0.622645494964717,0.773087579341008
rs9923210,0.618091195995554,0.89683426841424
rs5936455,0.617151421311012,0.763250864591858
rs1984965,0.616578220289503,0.967438920071159
rs1692108,0.616394627767555,0.92170934875718
rs9846545,0.616271615858538,0.842510190227064
rs4763429,0.609348029052099,0.639739959240315
rs732946,0.607511095236459,0.684070616223395
rs1995493,0.607272749419989,0.747041424450763
rs10484285,0.605585123735687,0.609975354410572
rs7573247,0.605461671686109,0.832803691962149
rs7629234,0.604158248377903,0.864446475218438
rs10490442,0.60374692911113,0.799559125475867
rs1879140,0.60353871889239,0.813155686111334
rs7830532,0.601419453513301,0.866612548231236
rs5915148,0.601336643493688,0.752848979036095
rs10254410,0.600484339376508,0.796793629424518
rs9328204,0.60037613052498,0.78663392672029
rs2123604,0.598902059387859,0.808959058706544
rs6725607,0.598452487882708,0.85756957317829
rs6826683,0.597729154119082,1.03723524724216
rs3008952,0.593314514756372,0.719467935304476
rs2810864,0.591742082220934,0.791838058198094
rs5934805,0.590330457664305,0.783434893735107
rs1344164,0.588904162042634,1.03457512138075
rs10027921,0.583689014828902,0.693266647280805
rs9823022,0.583571642552597,0.872878427283691
rs7115657,0.583034214839567,0.870078776210446
rs6781095,0.581896306696698,0.74233023771375
rs16883961,0.579889528507298,1.0735044253533
rs2928147,0.579730444540571,0.754947962589077
rs9497496,0.577175861858059,0.778988921678615
rs5971323,0.573823624643612,0.845650688799934
rs1814906,0.5737885051042,0.860096380619265
rs9485058,0.573438455688691,0.81210543506441
rs3848982,0.573434246277639,0.726272480904247
rs2235307,0.573431373898379,0.767077145685853
rs955216,0.57301407676114,0.831111995355822
rs1762463,0.571138307213739,0.805400402038724
rs3260,0.570989278101118,0.955720355869547
rs2471622,0.567495996048948,0.698987012393576
rs17134228,0.565512873514569,0.879486889501255
rs1035856,0.565353802583961,0.833723992771663
rs10998195,0.562805266786855,1.00634110867892
rs4567970,0.562496833940253,0.650279784793108
rs11586137,0.559633549739206,0.81775243343997
rs17054480,0.559068304284962,0.840861181281854
rs16899178,0.558905674425519,0.86615249472927
rs7886985,0.557881100112047,0.716273746885015
rs6545745,0.55768138094595,0.687925440570873
rs6607358,0.557020866261491,0.700284583784951
rs6653311,0.556435147835264,0.647830262771948
rs13429393,0.553571073646319,0.762262231083172
rs2505603,0.552386540892423,0.844306364610157
rs7887076,0.551050824778763,0.748143558884152
rs5921303,0.548037586643879,0.633379687071976
rs7121639,0.546473006885225,0.844142533315168
rs16852177,0.545603235384136,0.59066992107096
rs2382849,0.543943012389715,0.69464741023668
rs10503801,0.542517888173377,0.798199164932657
rs10031975,0.536563562755868,0.738982134988995
rs4683505,0.532517525884785,0.791927228714806
rs10483447,0.531774308820976,0.852153780083402
rs3027649,0.531288853695601,0.802238095327784
rs1423528,0.529045362531653,0.788272860401067
rs16972744,0.525236096192147,0.735882903826366
rs4714135,0.522695228806337,0.561186380484455
rs2271,0.522052283885851,0.784823060996167
rs11202947,0.520228063584058,0.836091836193691
rs5975417,0.518843815796747,0.593956578503253
rs7890656,0.518511870350614,0.723159888785506
rs7931944,0.513629329881743,0.748687866036918
rs16824857,0.513009180911728,0.739743946610398
rs6530404,0.512606104761475,0.724032639523707
rs3901444,0.512408909473798,0.610579157223012
rs6918404,0.511028399524959,0.756926903708125
rs17201398,0.508980351656771,0.75252643501548
rs6651677,0.506345524471446,0.745766221640505
rs2032590,0.500925028099752,0.770345204389963
rs10521903,0.500025568758757,0.830831327978122
rs12892749,0.498107097344851,0.77145539708387
rs927443,0.497508691090269,0.557006636315125
rs10485139,0.495924176757453,1.09773609805477
rs16984266,0.495645755244912,0.585116537697184
rs1482111,0.494083109941943,0.675921666097679
rs11904789,0.491924140496317,0.701219829614982
rs1609012,0.490784630645962,0.947817421222045
rs13378739,0.490447172321105,0.830908171946815
rs6826283,0.489040305718611,0.722687411780653
rs9824530,0.488817435463938,0.714473450404226
rs16988558,0.487502782962578,0.610045918497714
rs9573974,0.485656407480194,0.770276564521768
rs10441303,0.485239479252515,0.684804159855764
rs1760921,0.485190653310332,0.697978674307319
rs7157913,0.483681102697279,1.02547786728461
rs17127496,0.483024705724063,0.733969272675835
rs7891968,0.48102449594304,0.708111115107514
rs12065087,0.480096335263426,0.794233898910716
rs12428629,0.479876417937665,0.75262282241686
rs12494778,0.479088924469329,0.554009470240477
rs1744053,0.476856151876528,0.565498167912728
rs5949895,0.475724825869573,0.672335753188712
rs10815499,0.473068288756609,0.682885636109387
rs384112,0.471902181246401,0.670805838198076
rs3812874,0.471489606456031,0.753740656760851
rs2851573,0.471146577151335,0.641172668804954
rs1563533,0.470268130848346,0.653420733380719
rs11244587,0.468258817492177,0.493962550457967
rs671254,0.467107512511746,0.780437326508429
rs16988634,0.466967397229206,0.580152655754102
rs12014588,0.463702685919655,0.638195817035715
rs10980094,0.463020114089482,0.844304267106596
rs11008513,0.462029280589765,0.644311997962071
rs2643103,0.460282375602824,0.524766833531587
rs11831045,0.459124671847641,0.624220529258685
rs7307135,0.457172747248883,0.679947879163647
rs10411195,0.45619101449701,0.680962275905123
rs6587762,0.453171105849808,0.535462249300458
rs943108,0.451871911727899,0.67256291015599
rs11688860,0.450911047777784,0.776005151701953
rs2347825,0.449774772915583,0.621937213129117
rs5963728,0.44761521748448,0.671306451854796
rs3858331,0.445442591198519,0.661770604730584
rs2429003,0.445342183423904,0.646626577409662
rs11847331,0.444403642750913,0.764250106402639
rs6527578,0.441892589244253,0.667309458341408
rs234712,0.438725895694156,0.639704297292242
rs10102559,0.438528801584514,0.727663508467983
rs17064526,0.437467566208367,0.564512755732784
rs16987569,0.434132790487259,0.522687777995532
rs12899690,0.432908312812221,0.706437844328273
rs2413913,0.432543762579516,0.670801128955697
rs12591509,0.432436476191832,0.608026445067479
rs13407981,0.431760780313123,0.476159657185753
rs17139904,0.431682615736042,0.605203884558215
rs8085837,0.429909593935469,0.611648964014298
rs13404269,0.429715595625735,0.730821510394248
rs16961233,0.427106641009424,0.692054985463277
rs12029100,0.426593103513168,0.446964967352487
rs12271368,0.425520684850806,0.655634566489883
rs7059930,0.424156484929796,0.506646983203239
rs7976186,0.420674598824614,0.548484961829889
rs11664384,0.419484775594645,0.717425785324783
rs11804075,0.418989459005474,0.517789562818066
rs17541557,0.416896579863416,0.631301192134261
rs17008069,0.415751315396389,0.543223953137553
rs1775318,0.415506794829867,0.450609206863264
rs12394147,0.414621360069598,0.565486719297822
rs7906717,0.414231039174629,0.613266387274908
rs2061618,0.414105821864605,0.573919992412006
rs6488792,0.413677640985299,0.516967628215918
rs12296206,0.413606789759499,0.608453373395586
rs4738296,0.412763706336721,0.618283645938669
rs10441479,0.411530380480366,0.483560381685261
rs16866737,0.411084915975341,0.639304460578438
rs17097458,0.410048449929958,0.629290936738921
rs3026164,0.409063942827496,0.570478420994349
rs7743151,0.408826637161126,0.537045285123788
rs17147313,0.407283345294342,0.448712106733479
rs9493043,0.407249144252815,0.596873838270464
rs17112506,0.406571498152803,0.573320116099194
rs960927,0.406208109789208,0.634799982389238
rs10836471,0.405222170874582,0.568367372416829
rs7655306,0.404863869372714,0.64255223651234
rs10521607,0.403961860467348,0.492080903990129
rs9456904,0.403793078063348,0.500367689102454
rs12687728,0.403667565620994,0.604943644205952
rs10492950,0.401589112399549,0.615740211328455
rs9321504,0.401021055217115,0.575670646080873
rs7165020,0.398967610017258,0.512537371543837
rs6651676,0.398772538797774,0.493996720610698
rs1525167,0.398702231262631,0.603847947135579
rs7310282,0.397416045227655,0.597175631177838
rs7761612,0.396599212288261,0.598653886639259
rs6744773,0.395544980678789,0.530429690583402
rs39132,0.394456164892386,0.454283757109179
rs11192423,0.393801542138696,0.619150685041615
rs1154225,0.39374245973836,0.590942028817121
rs12243396,0.393136400459806,0.620030475500114
rs2171750,0.392586661566841,0.477528396948907
rs7064038,0.391845242748901,0.597143455714505
rs10195773,0.391720660613014,0.589457868140203
rs12271762,0.389440305722569,0.59634704771767
rs12429628,0.386453708453265,0.578210265316641
rs9494484,0.38591769130418,0.407757841554202
rs6770919,0.385533822778039,0.556222947772133
rs11037826,0.384737757610143,0.532797460678624
rs2660072,0.383786468016951,0.632161397756521
rs2207845,0.382422579791185,0.415467678394979
rs12681200,0.381745809110474,0.575271891304075
rs4687665,0.380929395607772,0.49165917091972
rs6853333,0.380063093009672,0.521272417975864
rs9774677,0.379850443038786,0.554250213845946
rs8076353,0.37983834919627,0.573551949529845
rs10003340,0.379573067427495,0.629499876492056
rs10508763,0.376963039909232,0.450177393992352
rs12319869,0.374550248830552,0.605776739267084
rs10403362,0.374320961380488,0.566151877257729
rs11873184,0.374071207724605,0.537308431496099
rs3000845,0.373011185799093,0.385083085164482
rs10193873,0.370540294550468,0.674127536511603
rs4974135,0.369258570326338,0.531010613551929
rs17133862,0.367684426549804,0.590692068768915
rs12394054,0.366534167451717,0.53244879109147
rs6799064,0.365858855232152,0.495831758640355
rs4565841,0.365842844630003,0.453919877622035
rs730043,0.362735737069159,0.551328142666775
rs11207205,0.362492693207452,0.587953855328027
rs7112113,0.36073786393392,0.535155421509443
rs8187699,0.360346473916369,0.425644605578211
rs6002263,0.35989851953674,0.559820060729128
rs16861986,0.359621172169719,0.585621894957649
rs7662120,0.359587040002914,0.48008582166788
rs17057895,0.359339438555216,0.530141093613605
rs11842662,0.359306538069494,0.457724167829014
rs4835014,0.358510026306566,0.571085711873787
rs11993433,0.35849350525996,0.418338518389792
rs5971646,0.358076364074404,0.487230442604403
rs6987006,0.357793667790901,0.442795573258063
rs12592805,0.356106616116989,0.403895982488849
rs9557736,0.355875177263307,0.501361940705112
rs5998963,0.3551408124125,0.599183020703999
rs7994396,0.355000734262342,0.537497244825389
rs6713301,0.353580462101197,0.562031956420112
rs7937098,0.353465580966435,0.552731002006286
rs17166905,0.353103283150879,0.540443298951847
rs7078825,0.352822351328728,0.537465517348421
rs12612687,0.35228888283717,0.534010579398958
rs9681349,0.351964672495486,0.509981473159954
rs2007586,0.351716965159277,0.410011286458092
rs11902858,0.351599879400001,0.50385365879968
rs11810041,0.351214078754212,0.531636835975014
rs1664237,0.349655748163267,0.610100482697759
rs7114736,0.348630694433988,0.479158835541745
rs482825,0.34859065611484,0.600981653993371
rs4668844,0.347794933590842,0.592025557663104
rs2155791,0.347414753221547,0.520564536710787
rs4940771,0.346631267430054,0.597376229615361
rs6634585,0.346285742236945,0.472060470267768
rs7602796,0.345996764413439,0.556236696189624
rs7881456,0.3458206808173,0.447203232471871
rs599941,0.345410242562561,0.510428729420144
rs6119817,0.345266086940789,0.486527852602955
rs4129664,0.344876207741126,0.432439111198818
rs4296904,0.344571726400848,0.557882624836828
rs10484928,0.344016601698499,0.593549723677092
rs2383603,0.343968048575261,0.586256449661865
rs11562693,0.343931717608373,0.516607016705024
rs13011280,0.343616303363264,0.610547662768573
rs12688189,0.343321758317415,0.542668953661017
rs16914350,0.343035778626086,0.469948290156289
rs10210543,0.342611213620636,0.494570628240884
rs17148296,0.342419060361099,0.538097783474454
rs17869354,0.341835738336265,0.586245257316892
rs16845221,0.341501105407457,0.424446459692567
rs10521772,0.341040098265588,0.437415754486077
rs16842573,0.339853302769193,0.559538192464174
rs840689,0.339852808005505,0.513515763822426
rs1586761,0.339623995096321,0.464983566193383
rs13430229,0.338954234719568,0.458251558075468
rs11904265,0.338917778152586,0.505610095370476
rs7960722,0.338299478021182,0.536754400872936
rs6717046,0.337858824602721,0.47204148306495
rs5961022,0.337620775333318,0.393527843110099
rs734883,0.336965123980128,0.485722594847682
rs3131255,0.336703010765592,0.386487161924448
rs9961939,0.336101463101731,0.457907129188753
rs2903010,0.334733961663457,0.518194898590924
rs2952016,0.333910082111748,0.516245917230616
rs16915350,0.333825907214142,0.526269304414092
rs5955875,0.332407153616247,0.368143748742548
rs3115828,0.330253299713848,0.382378885186559
rs1401266,0.329821854600799,0.489848930794255
rs9494831,0.329678553221359,0.476614464891868
rs2405543,0.329566666740736,0.393068373663827
rs10227635,0.328982647539181,0.447482100545192
rs3104758,0.328831481812552,0.678295597526452
rs6775563,0.327675012987271,0.428917071927922
rs10891589,0.327311576205098,0.542761984542185
rs1390775,0.327219340460834,0.475741627511711
rs16826215,0.326427049994274,0.480547338775009
rs9963256,0.324449638590694,0.488985135338917
rs10427117,0.324408869092905,0.491402984867009
rs2298629,0.324220616085842,0.520839378428897
rs16905502,0.323672951859387,0.586765365093434
rs9518527,0.320983575332877,0.510221119466089
rs9835263,0.320105123090721,0.492259427190294
rs8039301,0.319905290293226,0.440401653321636
rs6492679,0.319546965143794,0.522007065794934
rs12394934,0.318834256782624,0.374878023328747
rs318289,0.317163384372151,0.540027341138235
rs1520668,0.317011542727304,0.462500869349771
rs6764857,0.316555448464589,0.452719593604547
rs16868203,0.316461584978924,0.470142477361136
rs11021529,0.315773718395141,0.580475212194066
rs10511574,0.31541454996928,0.497416157613943
rs6734660,0.315178718809798,0.370192279457714
rs16964952,0.314485289102333,0.421865806354056
rs11732206,0.31443026922984,0.37792449428929
rs10442377,0.314244028620553,0.409736275940921
rs17030216,0.313553923052856,0.482101003646326
rs13393460,0.312974216784083,0.419630665363854
rs7166550,0.312922227739043,0.411394801861041
rs11972408,0.312383810409128,0.525848170422442
rs6795537,0.311809339872649,0.498440899092439
rs4286978,0.31112504510118,0.484889102251123
rs4358244,0.310963394754429,0.441632355206485
rs8081252,0.310859109904185,0.479517300795398
rs7880108,0.309589575744087,0.363999389767517
rs17152228,0.309129510009347,0.473968291647857
rs2660353,0.30907227009836,0.445366309806794
rs7211872,0.308674135659886,0.348279585578025
rs727295,0.308397596228721,0.492041302368894
rs10499204,0.308012014737371,0.481533753990554
rs17162133,0.307850625517757,0.445118223576131
rs12264990,0.30759431445007,0.500843730809144
rs4245012,0.307070435182506,0.434091783511511
rs10789886,0.307066841793123,0.481422931947501
rs11845184,0.306678453268848,0.422487146071693
rs17164162,0.305870162651908,0.525157595255098
rs17120961,0.303589665014236,0.479191845220596
rs7682136,0.303201825380142,0.474071521823665
rs6601384,0.302573660860765,0.406954921629281
rs11886279,0.302333533961138,0.446916402750553
rs2718946,0.301306948428667,0.568605013358068
rs7446155,0.301218591969564,0.472113475914
rs4754176,0.301039579291986,0.472171925957813
rs16963652,0.300248402625571,0.41791790562743
rs10521243,0.300012289668229,0.469775052170034
rs231820,0.299488740940952,0.470581599264834
rs16879723,0.299433491060947,0.548505837741422
rs497243,0.298900464908795,0.464940620171824
rs12679625,0.298662383434303,0.519939729655578
rs3981233,0.298224464371602,0.470711565589493
rs16947262,0.297376847965906,0.43176059890503
rs3911136,0.29708715065408,0.412507129070424
rs1352797,0.296904007825429,0.626876845592185
rs9891967,0.296878089933833,0.408274159326816
rs6611633,0.295819327872688,0.398218020253871
rs9997524,0.29427537539945,0.434340379268472
rs11065850,0.294259929033128,0.449121530996929
rs6712172,0.294222736856388,0.454274126769424
rs17147216,0.294010612545313,0.302604684592869
rs7545080,0.293670320978668,0.461348866485875
rs11191310,0.292958880761887,0.414260726085706
rs10179531,0.292853733688266,0.371695504413857
rs1890528,0.292750504589927,0.490398180637155
rs17051661,0.292498520967747,0.410416300956059
rs12051327,0.292357594751535,0.480000882632106
rs10411502,0.291539622627424,0.466064087496234
rs6816688,0.291517035503804,0.449599479105308
rs12013841,0.291418326071575,0.305418561459004
rs363666,0.291106406826512,0.461474058799878
rs11655821,0.291083764819431,0.443374038530912
rs17069802,0.290665742573924,0.440758561412712
rs16974228,0.290433316248579,0.557513695650249
rs12759877,0.289356421489664,0.437735086134848
rs13397425,0.288977365367561,0.443098650536675
rs8099439,0.288593233417974,0.477869046291077
rs7965493,0.288568459710034,0.424732067222753
rs12007402,0.288453829947442,0.434846926619095
rs1908224,0.28755040501508,0.408019506893024
rs16989751,0.286862526292785,0.404064905096299
rs269576,0.286750031562543,0.460782418184483
rs1387273,0.286745568953573,0.411176411219357
rs4881440,0.286081397873355,0.440858904744261
rs6526706,0.286078635064517,0.359009710205077
rs6685668,0.286036097928181,0.466895322218085
rs12872879,0.285995797163885,0.522539548150656
rs17140438,0.28586109114689,0.424665786897105
rs2632634,0.28525709514783,0.372897458311633
rs16939414,0.284948667603876,0.504237843363112
rs7935530,0.284362415279755,0.411572068768628
rs17148062,0.283911412069273,0.434912514516355
rs1367532,0.283725663443615,0.502976892446576
rs12605877,0.281510490985788,0.414631535900975
rs2246317,0.281439834932603,0.413900324206924
rs13396891,0.281309122654307,0.42047941743943
rs7826147,0.280368839041381,0.49338112032087
rs10521805,0.280148066671658,0.417380525581789
rs10129139,0.280110159569362,0.394002784216449
rs269623,0.27951490908345,0.40812356065122
rs6781655,0.279425937919443,0.387149369496565
rs17657626,0.279401561002433,0.468651404571801
rs2531691,0.279240691894083,0.492510276662499
rs10236343,0.279130396896234,0.410358376798183
rs7137923,0.278468637292904,0.311788576653307
rs7213140,0.277543232301221,0.434812833727293
rs10846894,0.277486744235977,0.507502915975651
rs1022029,0.277444613639454,0.412430861364044
rs10484742,0.277285921417745,0.450961590615923
rs951702,0.277262050358716,0.522860247568943
rs7195652,0.277178323077023,0.414433431715921
rs7053750,0.276776097199086,0.387930937153378
rs10519925,0.276340310476743,0.386653144064977
rs17036494,0.274920168882125,0.418154368005917
rs16986683,0.274333472014275,0.293993647093152
rs7321754,0.274248550723491,0.451899097239529
rs12606738,0.274242381450039,0.422633786088763
rs1353346,0.274077874359163,0.422296445238913
rs9495474,0.273994365194367,0.42767883225483
rs890883,0.272749563189076,0.430001000850772
rs16894556,0.272267663736756,0.433265603617172
rs17018856,0.271770004092127,0.392774509599065
rs11226826,0.271598077374327,0.457651174379957
rs16864254,0.271491545082829,0.381222445360332
rs4257642,0.271438137385877,0.468934924833286
rs1387031,0.271396834494266,0.414871083418422
rs17111317,0.270979471458489,0.467589298458445
rs7338505,0.270881320595886,0.481846684448664
rs16878828,0.27033592653107,0.392739680273276
rs8069679,0.270080030411429,0.435108387259512
rs1194038,0.269663195100987,0.385277841555821
rs940505,0.269400068694038,0.394467025989341
rs4612368,0.269187938887039,0.405563891846767
rs6807903,0.269084332710567,0.368246303172354
rs8000030,0.267998714321359,0.353713902100441
rs17071334,0.267405891276008,0.419204285383043
rs1041709,0.267145610368299,0.399512182503253
rs17002688,0.267060037934553,0.339699664730802
rs12335199,0.266870451318722,0.40155250514201
rs7928178,0.266397208375478,0.351693099798957
rs4641522,0.266241987998367,0.388861822251058
rs11058179,0.266095321858932,0.44707760349779
rs11602897,0.265953699378961,0.418949477889727
rs10016560,0.265913226395939,0.414541187857801
rs9694840,0.265394044287999,0.366351515713041
rs16975956,0.265255959203469,0.355545915947335
rs11858000,0.264733520149256,0.430799544217766
rs16985760,0.264171800834897,0.288196767659257
rs17033380,0.262953553474365,0.352505782281325
rs11957547,0.262825375862115,0.438897796629707
rs7956894,0.261455107902297,0.372738944186097
rs4460356,0.261442860305707,0.389949411350402
rs11174954,0.261378435945127,0.392386993751286
rs7590646,0.261185770309866,0.4691799217397
rs11844065,0.260970626471763,0.395009200220926
rs1893376,0.260933871598192,0.50563368172356
rs808420,0.26092529341012,0.484703343542803
rs7558948,0.260670510730478,0.346161443846225
rs12570061,0.26042844748376,0.429109344246826
rs7884009,0.260374368980282,0.354321198997094
rs2164824,0.260233767407693,0.399865192962799
rs2774624,0.260170059685131,0.47452699751295
rs6713057,0.259829237152869,0.454638729603031
rs12074348,0.259668011771851,0.404220062162289
rs4676631,0.259355422554177,0.391456381194565
rs17067648,0.259135650440387,0.364404261077113
rs17080320,0.258840008486537,0.40489859202861
rs1481379,0.2586050333353,0.420639398196736
rs17135002,0.257969556358927,0.473341289621221
rs11926520,0.257510840291612,0.413430890725238
rs12097688,0.257105634687939,0.397711353644352
rs11843288,0.256433464181865,0.375730917695994
rs12611490,0.256150219127535,0.404003794969834
rs10037553,0.255971141124427,0.357129960653083
rs7659802,0.255906716483554,0.397798385483755
rs12514611,0.25580177406433,0.327131969362646
rs7109799,0.255559665698574,0.330787635860616
rs17084974,0.255151295123319,0.457197717403977
rs11833011,0.254544042423519,0.372048249303742
rs12306358,0.254415649878725,0.375957894296492
rs7052790,0.253984695478617,0.376151160617539
rs9427097,0.253955685474704,0.414158246039267
rs17016038,0.25333104709153,0.393804164511488
rs10115723,0.2533245174387,0.403239265257522
rs8111551,0.253290916153136,0.450619125568924
rs13394341,0.253172384221472,0.317697085963902
rs12650284,0.252866968321412,0.428215320308776
rs11815171,0.252594695349545,0.400925927749367
rs9298285,0.251789551810635,0.429096007150607
rs1164140,0.25107448731611,0.375832065310538
rs9594522,0.25094895476797,0.380221144679957
rs13411973,0.250552170170808,0.371012719314893
rs9913374,0.250312075749825,0.372009325058659
rs7574916,0.249619644264433,0.359078081389732
rs4135360,0.24957608767558,0.351634242573106
rs17131821,0.249000283011852,0.413097765154124
rs708512,0.248855121670194,0.350182016725234
rs7130095,0.248664138272819,0.345554156576998
rs7911195,0.248250621188495,0.380758098655465
rs1991581,0.248194381533221,0.375470779665252
rs12058382,0.24805092553659,0.370185260131846
rs10110859,0.248012786762943,0.425387425492138
rs11574268,0.247762437757997,0.387381406269623
rs952860,0.247163386712291,0.395285263414831
rs895062,0.246866464054824,0.361165867375989
rs17141792,0.246717841949015,0.402533245494441
rs6751321,0.246376953013893,0.376489949455624
rs7745533,0.246363475982216,0.369760131530845
rs9379488,0.246345036207543,0.360484258253662
rs12459728,0.246049471025388,0.402010462420956
rs17061548,0.245967581389022,0.371369052936029
rs16901698,0.245857787349442,0.362639231243691
rs16953110,0.245149249534371,0.396583440031869
rs10200777,0.244512519040363,0.264961310673809
rs2432104,0.244482139463828,0.382766939464938
rs7687372,0.244476737565869,0.376800767862696
rs2973975,0.244179542226321,0.384001810475993
rs6835299,0.243970821953132,0.449323523483852
rs590661,0.243752809287899,0.392136369043955
rs7709545,0.243587419616103,0.395782463962869
rs16879725,0.243529188167437,0.347537436473052
rs7214766,0.243303898721093,0.329025865654143
rs16903899,0.243289778358914,0.402756159498853
rs7180058,0.242691674097661,0.39040776943019
rs7707626,0.242529074059567,0.420119450785696
rs16843207,0.242252650602141,0.420688052964034
rs13430486,0.241748190324119,0.392356533374016
rs12660285,0.241674210805772,0.436039227118328
rs2470101,0.241059331813644,0.346674140775978
rs7774251,0.240194393399774,0.367977257660902
rs1451280,0.239935350012309,0.266405505252383
rs4958017,0.239587690888308,0.383070334835588
rs5998853,0.239531116663716,0.36453109557151
rs6953537,0.238936639871106,0.357591199491068
rs7560109,0.238924435772412,0.336856628843293
rs2965876,0.238595379464049,0.372400522510501
rs11263659,0.238456760591484,0.358732072172009
rs7175545,0.238409399212542,0.382416018902515
rs2702186,0.237943860076823,0.360207786278035
rs1389002,0.237419684359441,0.411873537091436
rs787336,0.237349161726542,0.341416244117668
rs13382454,0.237126643870886,0.370364824847462
rs7632384,0.236407278763314,0.337850494657309
rs16931343,0.236231042560154,0.361239856915347
rs6742131,0.236126695666269,0.415269701997497
rs13424762,0.235864574664895,0.327834992007712
rs16844475,0.235660954417233,0.347153530809465
rs6097108,0.235545675481163,0.367001574757337
rs10955153,0.23512191364565,0.387731550759225
rs7958180,0.235065141711076,0.385622190919806
rs12386598,0.235013574611557,0.334531133334409
rs4698266,0.234898986015698,0.390205196078312
rs4419847,0.234786431023617,0.359594497106422
rs680686,0.234359024936553,0.3826067742689
rs12183837,0.234337108397072,0.394270002848284
rs12011913,0.234269864006438,0.339717472117764
rs16969314,0.234263886123432,0.346273955744884
rs17003644,0.233978524537148,0.331795718893617
rs1244463,0.233951897746199,0.388777155541296
rs4245473,0.233836431650081,0.333898384685294
rs8177070,0.233782863513604,0.291584716734829
rs17124254,0.233559498817153,0.402526211190733
rs9857484,0.233328571567639,0.344257272284028
rs10114523,0.233212179376496,0.34500778797973
rs4640101,0.233149846595074,0.340656304746372
rs10515030,0.232677639847991,0.36515652761159
rs12390485,0.232619461969272,0.326841630967376
rs17146582,0.232500660951831,0.375810682016239
rs2708429,0.232102285316145,0.35769503163465
rs2717499,0.231912470246887,0.351260129698704
rs6905666,0.231664447265367,0.352576523824005
rs3818166,0.231650250257494,0.367287850802846
rs8135770,0.23162572512782,0.34494279928235
rs201742,0.231556767264227,0.336231111569226
rs4919542,0.231276562247985,0.360105275255029
rs9534464,0.231222067638595,0.346081739780703
rs3963913,0.230934975513559,0.448185205391672
rs11886908,0.230802921770875,0.368216573688504
rs11190848,0.230224883217102,0.36549942276439
rs12014832,0.229546250378679,0.305820908853333
rs10096313,0.229340017342238,0.319657213150428
rs956231,0.229334417521755,0.346796816165524
rs220566,0.229218065328829,0.33117176428236
rs2723273,0.229146389843738,0.385355944476432
rs11841308,0.229009341251616,0.331457840214909
rs9745005,0.228873567071692,0.470072034233544
rs2360,0.228479201069004,0.386288657272973
rs1026848,0.228248661621498,0.318482016787891
rs17145149,0.227691213915651,0.31549131613253
rs10946650,0.227297927798919,0.353916673667934
rs11871580,0.227241228578047,0.405205929956815
rs5998965,0.22690752670946,0.345760664024905
rs12327052,0.22681146927144,0.341854809225735
rs16917594,0.22678834723403,0.291848487660146
rs6009750,0.226631390475398,0.335515167843729
rs12603542,0.226559844003168,0.371636380371552
rs2416050,0.226382834163335,0.321179572780146
rs17079955,0.226232862308584,0.333030847491949
rs6479913,0.226085768544738,0.324668740792699
rs316872,0.225973936610035,0.245640675380851
rs880274,0.225433460564691,0.318164387510649
rs17091023,0.224790991229086,0.374132998505637
rs12240398,0.224652707294501,0.423238997719496
rs12470152,0.224564549061549,0.341446459685332
rs4432063,0.224441863532019,0.39153505823477
rs9464207,0.224408478226837,0.442137479473899
rs1658087,0.224120748534461,0.325642285288045
rs7852654,0.224080914012846,0.313073174035771
rs9958160,0.223952012673266,0.358784924233531
rs17156998,0.223886178478372,0.361411865730507
rs12072582,0.22381962501582,0.242341788646493
rs1177392,0.223566381922739,0.375287377439005
rs7667935,0.223559304213211,0.369006550880815
rs16986617,0.223385092854765,0.344340491456705
rs6436155,0.223273321997489,0.337524277213061
rs7889549,0.222866333378088,0.372348186992855
rs17100696,0.222813602071283,0.347268831980643
rs7900158,0.22257383640048,0.343057447244322
rs2714982,0.222365134770145,0.378337414374706
rs6748988,0.222235526998841,0.35826551987496
rs12322510,0.222072128191532,0.342051293544556
rs17050054,0.221911590525791,0.408525859955918
rs2210681,0.221785136926527,0.356654328330036
rs16976752,0.221468035783043,0.425134698222546
rs2577828,0.221370262073902,0.352298205541203
rs2899058,0.220887645148453,0.351858618317656
rs1359447,0.220724391618119,0.313766229447262
rs10079371,0.219990436375544,0.299196166019472
rs5968356,0.219919336211466,0.275779778474615
rs11763565,0.219828246811375,0.478983178426678
rs7049136,0.219389558503241,0.338607447684528
rs7762880,0.219104732051118,0.291587688814981
rs2056515,0.218893438390742,0.387088999794292
rs8097173,0.21881353504265,0.362836717614854
rs16895084,0.218654076651737,0.312577739874071
rs16989206,0.218223982940239,0.317100356683837
rs8085347,0.218044390985069,0.282375531715194
rs16826764,0.217699333202333,0.29743926859649
rs7826045,0.217535003987449,0.304575202042705
rs6569838,0.217424358600548,0.310197580040584
rs17106733,0.217392755946816,0.322373302606653
rs9630868,0.217072111325898,0.286561692503315
rs10074957,0.217024632895298,0.311679589813921
rs7558478,0.216546938567109,0.370941629962468
rs17028047,0.21646625990045,0.311275086499248
rs7152740,0.216388129592306,0.289478564109725
rs11960924,0.216374237303695,0.268548721997167
rs1455579,0.21629306055554,0.411134199457865
rs2035444,0.216130303302291,0.32555954992205
rs1704763,0.215951921538371,0.353714443608919
rs1249755,0.215695916264144,0.370312067850618
rs17137968,0.215672251926492,0.37236115563351
rs7775404,0.215626956505503,0.320154503933211
rs17046728,0.215299818021388,0.347340646748163
rs16930869,0.21516452644889,0.349116384482891
rs8022074,0.21500762003939,0.356032452139733
rs16845787,0.214804768126329,0.325705859341053
rs1926161,0.214602576198033,0.350625793726351
rs7816800,0.214335079756897,0.318822125800927
rs3766353,0.21426832299272,0.333462759407028
rs13100562,0.213958875818379,0.373143929895238
rs7701683,0.213705140882464,0.341060173335526
rs9950590,0.213687178608267,0.32427843889689
rs12346906,0.213565052939952,0.313665489196109
rs2759369,0.213494472069013,0.348756935922356
rs10173989,0.2132601975516,0.333966595446308
rs9955923,0.213233102001953,0.312180824922232
rs16902099,0.213109127020593,0.232013291210497
rs976887,0.213035389702167,0.334101613170183
rs11044630,0.21280442487881,0.308940751769794
rs11191078,0.212733994963617,0.407321144885304
rs17012886,0.212517463770653,0.33425054446175
rs17114322,0.212004752974866,0.333009009749773
rs1473175,0.211803314416806,0.380851746407656
rs16840494,0.211689498371895,0.329038721141607
rs1480521,0.211602481908307,0.365620803049156
rs486589,0.211539647794618,0.384128881342432
rs1176728,0.211249332889453,0.331974478810407
rs11819446,0.21114085932883,0.318592035597791
rs16841911,0.210506997973342,0.395318498039239
rs1563405,0.210492398614868,0.344191120605826
rs11810032,0.210206974103027,0.331620900124711
rs16921175,0.210098929684859,0.326075331924583
rs6830838,0.210049100048024,0.357774654712352
rs2305164,0.2100408415996,0.373411910993174
rs17060505,0.210028923753587,0.313028955147195
rs9495487,0.210001984472155,0.313718302062095
rs4028252,0.209683050627048,0.37400819530735
rs16907283,0.209676728550446,0.385261381475522
rs17119614,0.208683598217743,0.304675449841825
rs11222970,0.208263171566571,0.408974212365924
rs11813036,0.208046768611825,0.3891555380184
rs1438312,0.208004235809455,0.310753170761251
rs11817076,0.207827936680409,0.356895048874039
rs7229270,0.207769094779963,0.345611366305703
rs7772615,0.207668186919804,0.320002528834357
rs7692461,0.207112839433028,0.307437402559489
rs7632385,0.207035959223707,0.336429958781674
rs6744507,0.206526095085451,0.344993404028778
rs12268491,0.206379136341052,0.322470432541629
rs2054522,0.206272834068568,0.35512046052637
rs10118067,0.206188696262367,0.311854548147836
rs1145008,0.205785486525884,0.343811257023027
rs13318760,0.205724049697574,0.353215013817088
rs10006202,0.205689784598461,0.342852709232955
rs17077812,0.20553853535006,0.318356612300974
rs4907991,0.205308927671457,0.313634777751553
rs3021528,0.204866808581586,0.365690598008997
rs10212581,0.204164622344234,0.316984144370696
rs1353045,0.204089145926028,0.35156063077139
rs4749759,0.203659851673668,0.307106513102072
rs16970307,0.20356868464265,0.249850437253997
rs9602222,0.203545519355742,0.338121641015196
rs7228813,0.20354522195675,0.328159956995381
rs12173763,0.20346741032293,0.31765424871738
rs9327911,0.203166316539387,0.315004033350217
rs10965867,0.202948366116621,0.301689566099945
rs546073,0.202568908185491,0.329564890446092
rs17085167,0.201951629529199,0.303657783635154
rs6730483,0.201405338791504,0.28124375488742
rs17148639,0.201368061085979,0.303611204367533
rs6522801,0.201311144941803,0.311170189332593
rs4938714,0.201262585514601,0.358443935145757
rs12219836,0.201134235722923,0.356509203136501
rs6853792,0.20110478815034,0.314165236884641
rs7940703,0.201050648687935,0.321578843493592
rs11853604,0.200993854549354,0.299037122030594
rs17016557,0.200705126434596,0.319975248950091
rs9586651,0.200633935297546,0.284130105807462
rs9555880,0.200613172512568,0.335819628371456
rs11118183,0.200385668748885,0.320900887132718
rs9847351,0.200384203259178,0.310129159769686
rs17030962,0.200185585087348,0.283441970533847
rs932038,0.199704678032374,0.359664659564432
rs7796469,0.199257014897251,0.270213044608512
rs16913128,0.19923995970305,0.342226885075772
rs6031957,0.198976404982033,0.306631984147688
rs10112524,0.198944044300372,0.308858451073383
rs12248992,0.198669114430153,0.318148834335405
rs17074656,0.198300971084584,0.364857186774025
rs16956647,0.198107582331959,0.343958590605547
rs358977,0.197574199403302,0.345014941111569
rs17097554,0.196981982576849,0.302175771445441
rs5957492,0.196195483651916,0.275852499538229
rs16952566,0.196182043395765,0.276285573142546
rs17005165,0.196065995569366,0.311809842087014
rs3746488,0.195784791563479,0.410045541707335
rs859603,0.195775385620399,0.282401431009182
rs16968883,0.195600434098994,0.295247710860518
rs333818,0.195122638086133,0.304799015587651
rs6771495,0.195040826052785,0.269481681346386
rs7991355,0.1947929863427,0.322199165209424
rs16961544,0.194677093582862,0.293334782356221
rs10878400,0.194239375778581,0.351959635706672
rs7080681,0.193951699924309,0.317479770457488
rs4754104,0.193940536856219,0.340415354020482
rs17165810,0.193699991349407,0.318491004449693
rs5923889,0.193695180162704,0.291621015588642
rs16829856,0.192759121052257,0.351493501490349
rs3218521,0.192231770964556,0.288083305663361
rs4365204,0.192092458654716,0.340883183159021
rs11848687,0.192043814063933,0.319531065459444
rs16971427,0.191554883851029,0.297906652236345
rs10883161,0.191459799877517,0.336611609312746
rs12065935,0.191412050911815,0.30735292398478
rs16913121,0.191407063128293,0.314105846429237
rs17823837,0.191260058333061,0.20295585489068
rs9290507,0.191249419475148,0.370523757235189
rs7076840,0.190960185959064,0.290162152280648
rs10036927,0.190860670331836,0.34227942848453
rs6651706,0.190238544578853,0.269370630592199
rs10113111,0.190029017933347,0.278465304499396
rs12330294,0.189903813276635,0.285206258392064
rs2035157,0.189863664043078,0.276345924400036
rs12418045,0.189411767916093,0.325240377882361
rs7129333,0.189106159169003,0.348157766974968
rs16931705,0.188980294087977,0.269123358006269
rs16972721,0.188451974897665,0.303015387082351
rs7083338,0.18838837174529,0.28217838645584
rs6652215,0.188023697705235,0.28063063645706
rs264115,0.187871213452138,0.325264932551292
rs17045009,0.187637264402529,0.321035935903891
rs12078377,0.187636515158584,0.308292319874885
rs429228,0.186812151827327,0.273952585710977
rs6001168,0.186751117985445,0.332565971489096
rs5022178,0.186472876900223,0.302496650327156
rs16924117,0.186212751794625,0.288921226018058
rs7708761,0.186014391287571,0.277195247046853
rs736286,0.185849516245897,0.269099838721171
rs13246835,0.185767845896907,0.325118629311743
rs10192173,0.184930798200536,0.277179928502047
rs1434956,0.184631402569057,0.211656950427672
rs10159654,0.184186781498475,0.319600069019759
rs17107977,0.183976639322352,0.284112455641123
rs586439,0.183378407207072,0.269149393039368
rs10109226,0.183226032087261,0.281736358897858
rs1446967,0.182998394514715,0.285638848208866
rs179183,0.182431518056152,0.306393502633684
rs11967530,0.182276022195473,0.281992554381548
rs17106266,0.182238345513454,0.290803938553237
rs1247774,0.182181206002254,0.274302465139542
rs7049978,0.182072303453182,0.303040519922746
rs16888827,0.181139732771132,0.299728285923509
rs4830448,0.180320633760375,0.263181037125088
rs3755206,0.18026512794,0.283603016956783
rs1386239,0.180128576748102,0.318987774519257
rs16875489,0.179968627908616,0.248664099265208
rs17010374,0.179758552056257,0.273327437746343
rs7011409,0.179434011683745,0.262503797714022
rs10503366,0.178675328320935,0.215576492034284
rs7613543,0.178528744336863,0.276898116393925
rs9319802,0.17832207180188,0.274917174477027
rs16864842,0.177302118576541,0.290706466332297
rs9477218,0.177050855387957,0.274694979067322
rs9595729,0.176954096061284,0.298482669978139
rs2270649,0.176862335704761,0.28357004636208
rs6971925,0.176841370222414,0.281235022160627
rs225121,0.176805737306766,0.265222910580049
rs10889925,0.176717390609778,0.276727365629798
rs12241834,0.176329979688296,0.276604390937803
rs7048363,0.176267901911172,0.25375584322034
rs644604,0.175518267242021,0.333931746692245
rs878307,0.17530052864654,0.271926527003613
rs13070631,0.174959440379796,0.277971338782274
rs16945946,0.173901738152612,0.254631499562735
rs9927936,0.173559325407822,0.265710687595086
rs4149152,0.172666089946835,0.300809233326328
rs6774739,0.172477032316595,0.25715900791099
rs3780977,0.172070748700639,0.23790145706801
rs12613078,0.171958902030404,0.258924005783507
rs6098565,0.171586122375343,0.283345899453102
rs16978743,0.170116083613938,0.203951162513622
rs12114442,0.169210673538807,0.251910251281265
rs1116014,0.169121715565297,0.257673450017683
rs10864324,0.168970085336183,0.260414984820264
rs12050562,0.16875050919919,0.278007339475344
rs10205453,0.168736429692751,0.250332091769823
rs10246129,0.167537212844217,0.260472928618086
rs2270079,0.167486269574621,0.182508641823873
rs6550028,0.167463804759547,0.246279998726764
rs13354375,0.167389238205827,0.27864052199734
rs2893536,0.167196636074481,0.277256398971399
rs7905644,0.166824494865499,0.283063953336662
rs12663902,0.166635438488455,0.263739810028104
rs17001083,0.166616522387058,0.2412942449242
rs6971203,0.166268046371814,0.247892770420562
rs12245299,0.166089323827842,0.303516667580315
rs366831,0.166083103654146,0.283722926585218
rs16931575,0.165603654234845,0.174204537708705
rs12687783,0.165312537897624,0.247503315723208
rs1624203,0.165243236167993,0.251423866404624
rs6682435,0.165170075074111,0.238288431912033
rs7542274,0.165137954590196,0.268527356339357
rs10267757,0.164822800290138,0.253828942071584
rs7232128,0.164677207248011,0.286285753985063
rs291129,0.164326455365648,0.288527617509994
rs12347101,0.164074537416205,0.254587693089961
rs9466355,0.163827295302159,0.23950365394597
rs1453232,0.163652024626559,0.289808193882359
rs16825769,0.163510522199705,0.248407579681496
rs10196118,0.163260834739993,0.259176468896837
rs8090537,0.162685128424176,0.249308502946819
rs2236205,0.1626682187971,0.240791440336068
rs986423,0.162361057022272,0.256637961146733
rs17048491,0.161879629937295,0.241691041575623
rs7706477,0.1618047190904,0.316328022459652
rs587042,0.161730634303732,0.301479983507091
rs4684779,0.161593214943265,0.239872346914005
rs6692016,0.161410426771693,0.244433198427822
rs6712902,0.160873406841181,0.265351853085391
rs624082,0.160827978499182,0.287515455438422
rs17667193,0.160749938647803,0.251506115556556
rs7242839,0.160727350616781,0.247513307822171
rs1251016,0.160526001210983,0.27716561345205
rs17036509,0.160277083616489,0.29646804976853
rs1559747,0.159673072541353,0.263821900950405
rs10819375,0.159361724032621,0.236069006150546
rs1841369,0.159356553825988,0.239731822756126
rs17171769,0.158998786633608,0.270377121654398
rs7178677,0.158704329419621,0.234619431175731
rs1206839,0.158068069170023,0.236576449220318
rs4241186,0.156840152045242,0.27250513951622
rs10110293,0.156712947674755,0.252500909447975
rs10955172,0.156635649867217,0.250420879483349
rs1486694,0.156327749544813,0.232593722815842
rs12296596,0.156227361499706,0.289975430570336
rs12246882,0.155436491923023,0.232328414436095
rs12591127,0.155280396958461,0.242498836333236
rs7872925,0.154910814760691,0.246983888944469
rs2273854,0.154709410114365,0.172389775469647
rs7232466,0.153972095014022,0.234804542710002
rs7578075,0.153676216534148,0.283263908256523
rs11052691,0.153548419609165,0.233921729887202
rs4881411,0.15235146065363,0.230628214904684
rs12542677,0.151919861385803,0.164180659963513
rs12346806,0.151730800142919,0.264316209306539
rs7578972,0.151617681872503,0.172990323969881
rs12330377,0.15109349923213,0.21860639638627
rs17068357,0.149576022437854,0.217984165613113
rs559021,0.147948563218071,0.216492440993156
rs11996177,0.147725226931819,0.244372216983153
rs17725970,0.147686775885986,0.2512341829808
rs11568704,0.147134048907619,0.233742052158248
rs16913206,0.146900566016545,0.238751402408732
rs7678741,0.146677714465675,0.24475966872251
rs10422915,0.146638581246004,0.2940347949076
rs6899352,0.145749077242955,0.228883807065105
rs17866821,0.145665698522592,0.258601852431151
rs8142738,0.145508914321383,0.213027582744424
rs792407,0.145425391693643,0.228016472360174
rs9353422,0.144967250154935,0.186940377309663
rs4149004,0.144892095854848,0.227696716509219
rs11098961,0.144632985020667,0.295087507759869
rs16856876,0.144056819091059,0.291958476060918
rs11832409,0.143663520597895,0.174517864661574
rs12423938,0.14344372499371,0.152999073659787
rs6118104,0.143164466756152,0.216649668829053
rs2184028,0.1430252893145,0.223635892602028
rs1980136,0.142119081041916,0.290251215427668
rs9679928,0.141874069038413,0.244604381577555
rs506827,0.140989029760322,0.210316845222731
rs11827207,0.14081489818769,0.220119622907957
rs12293833,0.140772308411989,0.265035230262484
rs17099512,0.140454196063444,0.172980906535185
rs7037102,0.139681440136627,0.21674795250059
rs4666808,0.138786578989489,0.226915357873223
rs7011895,0.138612700339157,0.21885618507816
rs12112187,0.138335959411466,0.211789847255715
rs10979173,0.137295459936496,0.209390566724177
rs1624131,0.13685569643607,0.242055030243338
rs6981348,0.136597302453385,0.22435454042788
rs7811714,0.136540959000142,0.225572152445403
rs3819622,0.136033284173562,0.188352683899755
rs16967004,0.135595949202238,0.20712404035203
rs7053177,0.135451327766878,0.187888259377548
rs305675,0.134403056601558,0.21238698623187
rs1106299,0.134230824287518,0.207743971261254
rs9865715,0.133543005425376,0.2166302755553
rs12457422,0.132746618516168,0.215311329494854
rs16907592,0.13208331361311,0.25197535096396
rs17064440,0.131752187711627,0.214881608568713
rs11025662,0.130158757875227,0.200097923007899
rs16912362,0.129689487785974,0.141869287381177
rs4847281,0.12960365378191,0.212451276312289
rs982414,0.129114002051076,0.209327788212005
rs11812671,0.128658752270529,0.201755407891283
rs12246061,0.127636297769464,0.193395836440375
rs16898125,0.127308460012801,0.199941235410541
rs11816138,0.126801960093375,0.269061455065307
rs10027473,0.126327004620441,0.218905205737955
rs11563238,0.125204094383903,0.199471267336715
rs17106158,0.123365600993401,0.199204939823843
rs597290,0.120844919285402,0.196699380539512
rs17039117,0.119752367718428,0.185406186622968
rs16853300,0.119591632748367,0.192596634966174
rs11799701,0.117523914781792,0.150087949926806
rs12271418,0.116312201971739,0.179003283247602
rs3778574,0.115334940894415,0.131518142392831
rs578818,0.113440253685524,0.181107735133149
rs17153137,0.113311054258043,0.147754941193723
rs8025071,0.111111667580408,0.175231593333073
rs4737600,0.11021188874423,0.124096075266911
rs9456675,0.107645881466559,0.176460708684112
rs10084990,0.105061541298524,0.195997993157827
rs17064193,0.104451484093421,0.161683569338048
rs11780017,0.104252056455397,0.160906346289229
rs4775988,0.102183032806929,0.172852907622173
rs991877,0.100857361126247,0.108228038797756
rs3759398,0.0978700099537777,0.164793865066102
rs6915800,0.096409512774954,0.162024169539617
rs17216198,0.0942645155234903,0.153611876127587
rs17096582,0.0895120787500505,0.114058422703764
rs16830056,0.0886866412864442,0.130940340530666
rs1675819,0.085334687457467,0.0935316325507946
rs16917412,0.0837101203794525,0.0847648629714499
rs1941809,0.0826857860113667,0.139894221176778
rs7684725,0.0807490177308352,0.0880934689692911
rs2282440,0.0729213365449036,0.118339145449841
rs8007991,0.0728258151835738,0.090855702926786
rs17836824,0.0713535723143846,0.119390727747496
rs11057913,0.071056126603838,0.111376811943814
rs11026254,0.0704253680323948,0.082616677070966
rs17058512,0.063783796388193,0.0743786382649005
rs2342272,0.063237860194495,0.126010427369184
rs1275524,0.0587673481608446,0.0716407967666314
rs17605768,0.0543262418666014,0.119885113188925
rs11568705,0.0529809610145011,0.0768602442346067
rs12219307,0.0486408297638476,0.0577604103589901
rs4707302,0.0465092999183257,0.0544261511283898
rs12452356,0.030553599801668,0.03714445284669
rs12675081,0.0216236851150097,0.0232724915050909
rs3743729,0.00656139077951447,0.00963888888888885
rs10497319,0.00616609733273005,0.00877828346038609
