snp,mean_MeanDecreaseGini,max_MeanDecreaseGini
SNP_A-4302074,50.0812079629324,51.6251543920231
SNP_A-1956518,21.1697318664589,37.679908746575
SNP_A-2093841,16.3787858553437,33.9536311077541
SNP_A-2112415,13.2928360697118,23.5209294556822
SNP_A-2175265,12.7519213090653,20.8982622513022
SNP_A-2148273,11.3497841344687,20.9359079449448
SNP_A-1933781,11.164845572688,21.7556456893087
SNP_A-4200987,10.4549044128646,11.1491683019771
SNP_A-2042347,10.0633058781845,20.5025412366259
SNP_A-2285232,9.23068910482223,14.3795623640559
SNP_A-1903645,7.84913541055323,12.3159226020264
SNP_A-1817010,7.19128271804199,11.1782273064431
SNP_A-4214398,6.74785100194789,12.5657430613583
SNP_A-1836800,6.18926099012825,12.0664925100678
SNP_A-2150824,5.84348410485252,14.8130851249336
SNP_A-4257601,5.65587674372399,10.5990579079418
SNP_A-1977965,5.54963147386895,14.1818447041762
SNP_A-4210896,5.47611000435577,12.7383916271264
SNP_A-1807947,5.0974375936881,11.9996195362669
SNP_A-1989199,4.37547951437139,5.9147149277275
SNP_A-1938885,4.35518620058803,7.18946985410838
SNP_A-1874170,4.26530479382108,8.68527878669859
SNP_A-2018383,4.17836340659491,7.38190449409685
SNP_A-1899006,4.06258781161569,8.14565497593514
SNP_A-1972451,4.00165967523372,6.84445033751088
SNP_A-2120581,3.93580152409723,7.27299738869657
SNP_A-4230947,3.83960521820792,6.89962906825729
SNP_A-1780286,3.70008741931298,9.30085243861547
SNP_A-1966533,3.50013070544086,6.12042063066403
SNP_A-2238050,3.47806711594347,6.67987291713917
SNP_A-1896421,3.34258804291491,5.69814796909802
SNP_A-1908397,3.31538974064196,6.78502012115046
SNP_A-4267791,3.31308764763837,5.30640708644037
SNP_A-2296492,3.26965996696995,5.92217880924714
SNP_A-1862927,2.94496919506042,3.3204099267034
SNP_A-2052380,2.9278386628557,5.27500361437393
SNP_A-2023155,2.79253218220881,3.25542530846322
SNP_A-4227210,2.66204842092025,6.09029323735894
SNP_A-4292417,2.63877645899411,5.739240855553
SNP_A-2163961,2.61088728650016,4.19346856666263
SNP_A-4244941,2.42587644078447,6.16192178361224
SNP_A-1955480,2.37988016309298,4.647578965325
SNP_A-2162071,2.26501207960974,3.56867011892139
SNP_A-1963775,2.24124931240214,4.26579835433039
SNP_A-2026329,2.20141790574985,4.38948758306933
SNP_A-2237078,2.19316642524798,4.86864004549328
SNP_A-2064501,2.15189769006447,4.23048958693933
SNP_A-1913210,2.14502956768259,3.22037319530289
SNP_A-2013104,2.10809278470709,3.21104963508843
SNP_A-1950328,2.09891413157952,5.14795609489701
SNP_A-1917179,2.0908575512395,4.57877776855034
SNP_A-1831134,2.062127592472,3.20938222842399
SNP_A-1966703,2.05818177565957,4.58611643514125
SNP_A-2235263,2.0089910113067,3.25191902253388
SNP_A-2148738,1.97149254823255,3.91067607382614
SNP_A-2182498,1.94647912533788,2.93085598061745
SNP_A-4273615,1.92097751470351,3.41269982470129
SNP_A-2033344,1.88196617114319,2.82740918436188
SNP_A-2184502,1.8586618453784,4.78294301855387
SNP_A-2146183,1.84238806679857,3.61467151365626
SNP_A-1780579,1.80733122699275,2.95899197063639
SNP_A-4280326,1.79428983068646,4.8192610454635
SNP_A-1820421,1.70246069559082,2.79319428983621
SNP_A-2196363,1.70010046266474,3.83921898403445
SNP_A-1980072,1.68150720960343,4.47839367689919
SNP_A-2046941,1.62529233336713,4.2928596379076
SNP_A-4255912,1.62357564550555,3.52492182162936
SNP_A-2262680,1.57037554771859,3.98870801862389
SNP_A-1933097,1.56380553828227,2.96210725681155
SNP_A-4236131,1.52612494721951,3.02151419259234
SNP_A-2173100,1.51197931705051,1.55578752422675
SNP_A-2249684,1.5062438803149,3.110382137095
SNP_A-1989330,1.50121083805741,2.72829950742226
SNP_A-1900059,1.49460524017168,4.13221339855106
SNP_A-2189108,1.46295646516429,2.5868010720336
SNP_A-4272446,1.41705030817806,3.7369253739814
SNP_A-4228051,1.38659947533819,2.29561934848649
SNP_A-4261864,1.35905079319119,2.36593328369989
SNP_A-2154247,1.3400938123009,1.45529308996716
SNP_A-4302208,1.28136168693864,1.92683069339842
SNP_A-4290925,1.27760021413793,2.90416594360561
SNP_A-4241909,1.27358131245419,2.74286015731905
SNP_A-4287819,1.26600968191694,1.94204085302403
SNP_A-1864475,1.24484306694076,2.42051455126874
SNP_A-4269035,1.23370165103341,1.88062099575845
SNP_A-2257768,1.17704247513666,2.31784500378989
SNP_A-4226538,1.13320563531174,2.99743804803783
SNP_A-4295166,1.12504606304809,2.31771980092214
SNP_A-2113937,1.06298476725062,2.59794566064688
SNP_A-4265883,1.05628670295471,1.97785336594545
SNP_A-2012334,1.05026136353036,2.54958650659021
SNP_A-1780818,1.0409473171292,1.99938517248752
SNP_A-1991965,1.04071050652549,1.74295387179049
SNP_A-1797877,1.01761996311208,2.5916206817961
SNP_A-2187787,1.01288853299332,2.52712647192136
SNP_A-2093721,1.0112302489677,2.17610530528331
SNP_A-2305696,1.00052449716752,2.68936694243674
SNP_A-4287333,0.9990313406806,2.49638994940558
SNP_A-2000358,0.962091198646576,1.63708440556535
SNP_A-4282291,0.957818842544775,1.48539767760061
SNP_A-1859018,0.954899291845628,1.46510542930927
SNP_A-4262877,0.939183963163709,1.73481690222015
SNP_A-2294402,0.93345532838288,2.31134416268766
SNP_A-1957451,0.891583776808517,2.35692336866122
SNP_A-1980818,0.873745732453532,1.3733128680163
SNP_A-2195436,0.867032385375301,2.26195894128269
SNP_A-1861129,0.844521776497786,1.24888350884294
SNP_A-4245279,0.831240328072829,1.48108779678596
SNP_A-1958040,0.829777777437228,1.59669356681105
SNP_A-2225756,0.828687421564531,1.23382293575398
SNP_A-1939292,0.778900984865629,1.36342464790008
SNP_A-2029105,0.752518191147708,1.27760054126894
SNP_A-2089992,0.744265662900156,1.51863288720544
SNP_A-2105035,0.744125891104949,1.37795397075061
SNP_A-1975501,0.741409515971052,1.43099744741575
SNP_A-2237181,0.738201748921328,1.59518876922241
SNP_A-1921128,0.733570013176428,1.62490783585719
SNP_A-2268300,0.732926967972547,1.78324652270197
SNP_A-2295435,0.732520780203091,1.15388419392532
SNP_A-2102689,0.708645636353065,1.64828668053249
SNP_A-1796157,0.705441729881609,1.66026820399171
SNP_A-4247790,0.699351925427057,1.22906833971358
SNP_A-1941121,0.699092457549775,1.5789005073676
SNP_A-1879434,0.690021188913663,1.51640128205943
SNP_A-2233256,0.681039843082168,1.29754422800313
SNP_A-4243926,0.6800493318644,1.16408953812602
SNP_A-2126323,0.674899378253575,1.46266132278904
SNP_A-1951191,0.669495500992667,1.3699367040417
SNP_A-2188192,0.661639356003242,0.762379403903048
SNP_A-2083156,0.6430112751481,1.46501377127553
SNP_A-2276359,0.640484594493028,0.954201144606432
SNP_A-2011375,0.637726524282868,0.964431641418712
SNP_A-4233448,0.622675752657683,1.28076129315034
SNP_A-1995025,0.618161179564516,0.970930538382054
SNP_A-1904334,0.617813175765696,1.45213600074385
SNP_A-4228775,0.617460885858261,1.45202053333489
SNP_A-2141555,0.610371134083356,1.23653809428156
SNP_A-1955691,0.600337647880521,1.30582758122636
SNP_A-2053798,0.595318980352619,1.39563739118948
SNP_A-2045553,0.595215164267758,1.45383593885259
SNP_A-4197143,0.592148318288331,1.52006372399385
SNP_A-1812684,0.590361882210789,1.25435477344622
SNP_A-2156369,0.589211566176038,1.24345040754953
SNP_A-2026301,0.585483372610404,0.700861076804948
SNP_A-2126426,0.582637790996084,1.27359108463282
SNP_A-1894702,0.581864411613871,1.04761923930156
SNP_A-1863660,0.577985373650335,1.09614225320731
SNP_A-1802272,0.573448875410119,1.51490318993435
SNP_A-2113017,0.56576781661334,0.899122842415453
SNP_A-1937288,0.563283987818726,0.887643379933581
SNP_A-4193756,0.560983595447766,1.24098262975978
SNP_A-2022515,0.554295685368611,1.21690405921689
SNP_A-1832423,0.55041424820952,0.576285502864655
SNP_A-4255296,0.549755166951379,0.926051399485559
SNP_A-1792351,0.521277602876573,0.873295850344222
SNP_A-1798398,0.513007092337598,0.791000825656833
SNP_A-4285289,0.509547723411807,1.25626745649177
SNP_A-4247736,0.508316247100281,0.779550203579065
SNP_A-1835937,0.498999441792593,0.736754825119463
SNP_A-1862413,0.494833510392882,1.14691848367368
SNP_A-2096299,0.493444161664481,0.899850402068295
SNP_A-2172412,0.484037772193503,1.1157880445794
SNP_A-1980428,0.469280315982033,0.983770772103333
SNP_A-4204379,0.467401389411552,1.08737933651987
SNP_A-2108641,0.450900894359958,0.807324622106774
SNP_A-4208403,0.45006203198982,0.815527192746815
SNP_A-2063335,0.44599667391142,0.81505973528267
SNP_A-2191578,0.444764775826458,0.652688085773971
SNP_A-4229218,0.442289800591849,0.838663026014788
SNP_A-2216612,0.441763952238307,1.08970982852601
SNP_A-4260596,0.438221609248903,0.639694466794493
SNP_A-1921961,0.433225810966845,0.683480028866665
SNP_A-4211581,0.424723125194848,0.808353670461936
SNP_A-2040970,0.422873904914089,0.889488542676632
SNP_A-1992725,0.419692310475382,0.827799201803595
SNP_A-2297341,0.414189383096056,0.800567571080236
SNP_A-1993483,0.404723491870397,1.06198988111308
SNP_A-4247597,0.40219955980413,0.74713810637315
SNP_A-1977861,0.402093906025831,0.847143065829484
SNP_A-4276178,0.399104958274247,0.608763967738011
SNP_A-2082618,0.39588753005461,0.882742813268509
SNP_A-2158358,0.393244659374751,0.730119479971617
SNP_A-1852664,0.390440673585209,0.73076620022097
SNP_A-4288098,0.390328277107014,0.630123613057359
SNP_A-2105311,0.385669945095673,0.667242943758868
SNP_A-2262343,0.385299341458076,0.585911529357407
SNP_A-1906024,0.384140466650828,0.664523042093615
SNP_A-1794613,0.383669455410778,0.722493896893017
SNP_A-1991040,0.383648594545117,0.948323457621873
SNP_A-2276890,0.383353781494642,0.890748668168658
SNP_A-1970561,0.381330734750028,0.691859172097131
SNP_A-1910357,0.376168143363857,0.763421085383804
SNP_A-2135025,0.375558321060378,0.868628518086987
SNP_A-2036553,0.370679889525466,0.793640763633987
SNP_A-2155731,0.370559760106054,0.573960094150343
SNP_A-4276217,0.369147016163787,0.869655193378068
SNP_A-2026826,0.366624300629542,0.422616495015297
SNP_A-4300465,0.365996647787069,0.768612434376925
SNP_A-4275089,0.364185747407092,0.792947863863564
SNP_A-4201410,0.36263477756686,0.884472376306634
SNP_A-2027690,0.360613768679378,0.62134206805492
SNP_A-2015794,0.357854270446784,0.698853621708658
SNP_A-2102106,0.350535714244285,0.722848499751117
SNP_A-2064779,0.350101177094066,0.800566975998924
SNP_A-1814829,0.349806608172587,0.740003744926027
SNP_A-1803662,0.346729795037073,0.501342746395873
SNP_A-4298982,0.346500057709226,0.81496537549128
SNP_A-4298953,0.346232265080537,0.417785670605938
SNP_A-1813837,0.345966395120457,0.466620264298774
SNP_A-2127728,0.345833106632754,0.673864457621027
SNP_A-4261391,0.340780126580091,0.59693092801132
SNP_A-2290401,0.33958624087279,0.393443197679648
SNP_A-2201182,0.339069701789481,0.461813137878678
SNP_A-1820139,0.338435812815531,0.530396253968105
SNP_A-4270714,0.338113388802113,0.632160711829167
SNP_A-4301404,0.333441846396486,0.484587366779367
SNP_A-1965369,0.331910860313035,0.548068857607514
SNP_A-1933623,0.331088023582367,0.744043536393632
SNP_A-1933071,0.329447530366471,0.682431113342461
SNP_A-4292963,0.329421780225263,0.475262117372859
SNP_A-1827257,0.328213119438425,0.68034844203669
SNP_A-1896547,0.32700247501661,0.619835432760861
SNP_A-4278884,0.326968985757064,0.559437145531072
SNP_A-2029130,0.326807561296557,0.49529821270875
SNP_A-1809339,0.324058790846764,0.444763858798706
SNP_A-4205526,0.323201752642207,0.360551407235863
SNP_A-4281829,0.323153424786511,0.658274076573543
SNP_A-2302179,0.322561636192262,0.630324149004001
SNP_A-2299998,0.322091695280578,0.388468563095211
SNP_A-2128575,0.321105288992389,0.550237544671398
SNP_A-1991434,0.318612532257057,0.684357897592541
SNP_A-2304556,0.318398681136866,0.574128170677658
SNP_A-4273009,0.318163946033114,0.580408470659244
SNP_A-2054673,0.317992547881295,0.38280692258385
SNP_A-2131184,0.315189737490601,0.54725964906633
SNP_A-4198813,0.313372141465754,0.524988919788746
SNP_A-2194012,0.311494119117918,0.595890446544199
SNP_A-1786176,0.30988887690813,0.445133161086178
SNP_A-1972498,0.309629254917841,0.692075764432847
SNP_A-1952019,0.309166358101485,0.688616250282233
SNP_A-2292849,0.307652095735471,0.329293484608207
SNP_A-4232388,0.303695280305775,0.391065445481116
SNP_A-1822890,0.302266452888505,0.679526628048972
SNP_A-1991074,0.299868414726187,0.474226744564763
SNP_A-2275738,0.298412167091854,0.437149278207968
SNP_A-4241940,0.296630929486305,0.657924388308008
SNP_A-2296965,0.295968538813166,0.523808229160461
SNP_A-2028006,0.294618949999093,0.43659763105079
SNP_A-4298247,0.294579901829845,0.494073670384384
SNP_A-2224219,0.293765140554726,0.677977864114707
SNP_A-1974312,0.293451549240488,0.56065542508062
SNP_A-2271361,0.28914069748212,0.435875131237861
SNP_A-2044724,0.288375690438396,0.554005482622119
SNP_A-2064762,0.284767453899816,0.47776757913568
SNP_A-2200249,0.282475852174744,0.540472383449963
SNP_A-1896184,0.28186058442706,0.53278417580625
SNP_A-4210077,0.28168015865242,0.532296084594899
SNP_A-1885657,0.279228750853539,0.62752697982846
SNP_A-2142799,0.278770553241035,0.521876794712704
SNP_A-1900577,0.27731234114898,0.571605826428664
SNP_A-4280277,0.27246839211528,0.432372030287821
SNP_A-1860037,0.270519912909428,0.582877502543578
SNP_A-1902255,0.27043736465142,0.376907785066991
SNP_A-2047237,0.269373049183931,0.470257899762529
SNP_A-4226512,0.269318540623637,0.469328821860224
SNP_A-4260418,0.268829301177773,0.553113054000112
SNP_A-2070652,0.268512770572707,0.542485796709295
SNP_A-1825381,0.26841660802684,0.478498297723692
SNP_A-1872002,0.268095284501491,0.49468275570132
SNP_A-2171744,0.266682484705616,0.40201906047317
SNP_A-4303867,0.265969296173666,0.380909173617899
SNP_A-4304097,0.261526991927189,0.485039227283622
SNP_A-2100735,0.260673935322248,0.417013926387673
SNP_A-2192544,0.260303823047783,0.544789402065609
SNP_A-1944563,0.260033747896068,0.311812397916605
SNP_A-1814650,0.257095380932076,0.456313572652269
SNP_A-1917912,0.256830620257394,0.380510065346628
SNP_A-2307766,0.255882580920234,0.428528621706444
SNP_A-4270762,0.255626994157756,0.515821615733935
SNP_A-1893773,0.254454386962514,0.404469852128459
SNP_A-4275024,0.252858351196523,0.379850238022355
SNP_A-1972529,0.252276372323715,0.399069780203101
SNP_A-1848935,0.251350547929646,0.45214816166856
SNP_A-2099426,0.2496942270595,0.344994893189455
SNP_A-2250142,0.248774688761486,0.38795699348446
SNP_A-2302758,0.248560983094882,0.337429411480064
SNP_A-4265390,0.248524621406005,0.377603342468639
SNP_A-4252808,0.248347570216717,0.536461013344903
SNP_A-1834095,0.248247931970291,0.467715969265642
SNP_A-4197050,0.247510702352854,0.424739339837833
SNP_A-2021420,0.247304075754487,0.255318704860636
SNP_A-4284611,0.245989509698515,0.34794035775962
SNP_A-2263689,0.245440182995964,0.532956531877178
SNP_A-1990400,0.243922231934074,0.303271444931309
SNP_A-2236476,0.243900021809512,0.258228891277121
SNP_A-2244212,0.243548785920018,0.40082714614699
SNP_A-4206346,0.243271207066436,0.42383858562543
SNP_A-1951332,0.242797344476589,0.418951797757411
SNP_A-4284721,0.240008564772036,0.467338636056673
SNP_A-4263771,0.239358278840548,0.286903412155049
SNP_A-4246839,0.238965104360261,0.357930831666014
SNP_A-1962588,0.238783395654566,0.381419123898536
SNP_A-1973031,0.23813163443935,0.300044351479231
SNP_A-2070613,0.237684731064067,0.400424107830172
SNP_A-1801858,0.237526607028007,0.329904771080795
SNP_A-2031411,0.237397974316394,0.297422306761712
SNP_A-2193028,0.237395864565434,0.508859962452765
SNP_A-1990146,0.235400028897058,0.354413332157113
SNP_A-4253196,0.235255810031989,0.381734426389641
SNP_A-1829375,0.23458545317071,0.361877412511003
SNP_A-4299890,0.234321701017273,0.304573864369436
SNP_A-4255441,0.23412784630706,0.388224863299217
SNP_A-2214570,0.233622251591388,0.425064846668167
SNP_A-1804928,0.233260086294285,0.338173216443655
SNP_A-1871559,0.23230028127767,0.338819326833295
SNP_A-1868688,0.232292249385439,0.476903947225439
SNP_A-1973179,0.231096321779301,0.381569530932925
SNP_A-2066956,0.230665366631051,0.350770787637592
SNP_A-2052953,0.229863780962739,0.362708113438886
SNP_A-2057755,0.227923347229661,0.480442187210373
SNP_A-1992157,0.227531133886221,0.45445412918735
SNP_A-4261867,0.22700228056178,0.352247440576158
SNP_A-4227163,0.226793995240489,0.397219012490065
SNP_A-2244602,0.225770499596305,0.331232075681759
SNP_A-4202867,0.223959060456333,0.277098104911677
SNP_A-1868863,0.222974727853495,0.381813710939631
SNP_A-4260185,0.221974440316524,0.322953162771034
SNP_A-1840114,0.221969595877199,0.316162729906068
SNP_A-4219897,0.221905252459613,0.381072158644373
SNP_A-1993032,0.22061163881066,0.366595113187794
SNP_A-1954533,0.220435132985664,0.425887053219498
SNP_A-2026547,0.217971467758835,0.424086834372591
SNP_A-2147541,0.2153545630615,0.303610906659991
SNP_A-2135964,0.214738484733971,0.32616868297854
SNP_A-4267296,0.213216291331755,0.236171453622482
SNP_A-4208863,0.211905097974824,0.36689194409182
SNP_A-1825687,0.21065422796283,0.254086132047243
SNP_A-1939261,0.209859099667469,0.459507721817733
SNP_A-2252096,0.20915920694038,0.418852485818192
SNP_A-1857022,0.208718636203708,0.282091032004488
SNP_A-4259372,0.207587056136011,0.354372825559139
SNP_A-1788435,0.20620310282958,0.259111443601808
SNP_A-1973714,0.205871146383085,0.48761631241865
SNP_A-2021650,0.204019748427224,0.348000402479792
SNP_A-2268716,0.20380744212868,0.321490117999358
SNP_A-2122101,0.202726878848016,0.382932268039772
SNP_A-2023236,0.20250578798608,0.303387403349357
SNP_A-4219068,0.202183723708212,0.210777701566185
SNP_A-2003872,0.201794904188285,0.247974562537171
SNP_A-4230056,0.201657113986947,0.289821352575463
SNP_A-1979400,0.200243542139908,0.300784949570337
SNP_A-4194441,0.200100931844924,0.330932981596219
SNP_A-2078314,0.199263648308169,0.320689681479066
SNP_A-1913226,0.199239321806334,0.344131978789709
SNP_A-4300635,0.197756115615339,0.308389634463406
SNP_A-1919244,0.197601309481703,0.399989864512112
SNP_A-4256463,0.197090761605773,0.272942839910647
SNP_A-1783377,0.196299597371204,0.277590843202595
SNP_A-1921966,0.196294691202047,0.290695099113299
SNP_A-2137371,0.195809667801113,0.269167807227426
SNP_A-1890190,0.195745140993036,0.354258056294191
SNP_A-2280875,0.194872040543116,0.194911731785243
SNP_A-2125664,0.194623091321204,0.394162696690869
SNP_A-4265085,0.193729034798021,0.235410478378008
SNP_A-1894270,0.193502797269066,0.325172004806352
SNP_A-1933424,0.191944880163304,0.255115404719892
SNP_A-1956173,0.191834387325877,0.243121898407727
SNP_A-4299419,0.191422178144415,0.395863105086166
SNP_A-2151682,0.188137291657169,0.378014283736937
SNP_A-2000724,0.187356083948456,0.210371487639967
SNP_A-1835119,0.187334992545953,0.210955433153499
SNP_A-1803576,0.186947528041317,0.224179438719031
SNP_A-1807625,0.185152575279272,0.254602889912217
SNP_A-4262858,0.184985030960477,0.319405780530808
SNP_A-1941702,0.184624622092607,0.276706925227781
SNP_A-2026148,0.184276370472485,0.251867061643884
SNP_A-1805033,0.184244988561725,0.25927593724291
SNP_A-2235541,0.183914954245111,0.214850249903271
SNP_A-4277929,0.183730670806153,0.260064357936322
SNP_A-4251558,0.182752674947927,0.256360439168317
SNP_A-1969876,0.181509617889795,0.184111043544397
SNP_A-1912192,0.181005983754138,0.336987147687921
SNP_A-1789763,0.180692743024862,0.304640924992473
SNP_A-2216463,0.178946666953761,0.234368022016572
SNP_A-1802898,0.178367126560505,0.221980225740016
SNP_A-2080120,0.177922162721045,0.377030081155813
SNP_A-1947355,0.177900853318616,0.312048111289956
SNP_A-4265199,0.177832248850632,0.311418275602458
SNP_A-1915171,0.177754621349163,0.23928593432144
SNP_A-1876382,0.17766039040396,0.217211145958632
SNP_A-4232293,0.177536215727895,0.240717753641531
SNP_A-2297248,0.1772921730188,0.212924614742076
SNP_A-2053198,0.175013621363183,0.220168320407442
SNP_A-2154968,0.174887473194679,0.225291107948987
SNP_A-2231427,0.174857793090475,0.315549821625357
SNP_A-4283401,0.174756967477062,0.26784053393887
SNP_A-1953246,0.174674973576596,0.357476803932881
SNP_A-2299021,0.174564588589499,0.266309252364519
SNP_A-1893181,0.173942396961101,0.390405845437519
SNP_A-1819285,0.173344963199792,0.334697010005711
SNP_A-2100537,0.17316346423162,0.240897480361095
SNP_A-1987156,0.172577719109848,0.267749360794234
SNP_A-1880817,0.170763270656381,0.212457437656913
SNP_A-1844304,0.170690185630523,0.253543199486905
SNP_A-2288041,0.170155519904546,0.21452887504442
SNP_A-2090380,0.169858289622334,0.290280954241467
SNP_A-2253139,0.16860949457512,0.277148566122661
SNP_A-4259296,0.168349741228994,0.280129813519248
SNP_A-2236111,0.168325129240762,0.276651106546791
SNP_A-1888147,0.168092799395475,0.340126585230603
SNP_A-2028480,0.167915009609006,0.308125741836308
SNP_A-2221681,0.167835894228977,0.224460735910892
SNP_A-4279846,0.167304054969321,0.278442434745856
SNP_A-4269328,0.167214999535611,0.279944268464507
SNP_A-1844768,0.166986802144274,0.31713548823124
SNP_A-4278699,0.165657988746339,0.251922246159928
SNP_A-1969102,0.164064764716372,0.209960884691274
SNP_A-4241165,0.163900358003005,0.210564405999261
SNP_A-2063871,0.163641731002633,0.289759357462616
SNP_A-4263057,0.163440438688271,0.207889540266366
SNP_A-1886694,0.163384294420376,0.216165724571216
SNP_A-2173336,0.163065064917995,0.226131415597722
SNP_A-2102673,0.162885745546446,0.242591991855723
SNP_A-2262975,0.162744072372047,0.201699943806542
SNP_A-1917029,0.162436059375076,0.258123989667569
SNP_A-2246994,0.162352331280188,0.240677306405926
SNP_A-4204472,0.162123413058478,0.241602309262098
SNP_A-2296173,0.161868555600579,0.199026486258053
SNP_A-1863981,0.161298932413764,0.285449181744185
SNP_A-1866471,0.160777847698172,0.22095900612945
SNP_A-1988083,0.160378315507103,0.226973268222384
SNP_A-1994693,0.159733717195367,0.237480079552757
SNP_A-1957066,0.159689679290104,0.201279597962891
SNP_A-1810994,0.15968712156092,0.262981887219028
SNP_A-2240536,0.159520300139908,0.26848804950349
SNP_A-4304088,0.15933235343852,0.197082738874923
SNP_A-2306781,0.159249022543633,0.215855829563448
SNP_A-2018846,0.159019259776871,0.192833457783478
SNP_A-2007076,0.158982254347439,0.269877440186195
SNP_A-4211210,0.158591893098893,0.17650850519545
SNP_A-4245362,0.158507365001935,0.186675787043692
SNP_A-2186406,0.158383763654958,0.29597501030141
SNP_A-1819636,0.158321405705782,0.288966414317479
SNP_A-2156905,0.157880388477556,0.202788669939494
SNP_A-1862166,0.157645291784121,0.177014261851934
SNP_A-1833827,0.156845877325334,0.273131825446963
SNP_A-2282511,0.156721614744336,0.192864862432041
SNP_A-1840769,0.156597740082337,0.303227186613075
SNP_A-4289474,0.156590228792027,0.189113737806406
SNP_A-4300161,0.15633776989696,0.237388739884193
SNP_A-2176234,0.156194985898395,0.224151869139571
SNP_A-1898283,0.155751694718062,0.289108855714147
SNP_A-2280356,0.155175928229101,0.301743235390191
SNP_A-1983662,0.154091192076058,0.195946549366155
SNP_A-4285475,0.154028031072942,0.226166163973766
SNP_A-2057751,0.153780057373239,0.267542200384854
SNP_A-2266318,0.153654841830689,0.275833016305167
SNP_A-2129643,0.153405967383572,0.257973478984196
SNP_A-2226329,0.153230319613413,0.241619575673152
SNP_A-2253650,0.152431384945597,0.191377131435062
SNP_A-1892572,0.152366287673802,0.190958866787592
SNP_A-2048915,0.15219062435538,0.226787397356939
SNP_A-2083530,0.151845150735748,0.187151286027704
SNP_A-4277830,0.151627744996996,0.186699040396587
SNP_A-2177740,0.151612155714413,0.23034185295968
SNP_A-4220101,0.151545580335308,0.307093532794074
SNP_A-1926091,0.151109995108031,0.2724500329995
SNP_A-1957348,0.150599605747568,0.166578103752472
SNP_A-4260331,0.150559738454884,0.233387714675148
SNP_A-1912313,0.150520104974817,0.187160125426538
SNP_A-2241120,0.149824595555344,0.279639473841906
SNP_A-4256301,0.14968245467392,0.22890705694077
SNP_A-1817904,0.149429055553004,0.190217658938368
SNP_A-1967958,0.148909193812658,0.190985614038664
SNP_A-1788082,0.148544520268343,0.208298888142965
SNP_A-4200442,0.148516345466074,0.228018894969673
SNP_A-4251507,0.148231812723994,0.247540752916478
SNP_A-4235356,0.148029135156695,0.254731971066267
SNP_A-1825305,0.147850012622769,0.170050100395308
SNP_A-1946320,0.147614057117013,0.35263534473652
SNP_A-4303561,0.147181733042356,0.29847886535958
SNP_A-4300817,0.14679595676046,0.202957395922826
SNP_A-2093482,0.14668898128815,0.231065459117036
SNP_A-1952668,0.146632114699038,0.223159894009281
SNP_A-1985384,0.146535330448802,0.216474452471792
SNP_A-1924172,0.146452648995012,0.283125913882974
SNP_A-1989113,0.146374964458519,0.179047693745697
SNP_A-1910880,0.145960678824102,0.188584904603839
SNP_A-2235705,0.145877984455549,0.154768825675746
SNP_A-2278166,0.145549804447485,0.182987655870746
SNP_A-2222719,0.145442637749373,0.160299640409925
SNP_A-4263881,0.145329169553657,0.181136052636436
SNP_A-2260436,0.145255998866992,0.203334780048682
SNP_A-1976565,0.145140396280725,0.204254679018581
SNP_A-2222685,0.144834974986352,0.196781844479173
SNP_A-4250069,0.144503535904709,0.264115137402333
SNP_A-4290682,0.144210814299165,0.224039504182589
SNP_A-1798370,0.144083935588026,0.206925830712127
SNP_A-2125505,0.144018443910124,0.220376988339007
SNP_A-1809259,0.144015049928261,0.214684786274075
SNP_A-2250095,0.143982797291431,0.265513765444548
SNP_A-2259156,0.143466762009007,0.21074249092305
SNP_A-4297602,0.142555495926116,0.175691561746632
SNP_A-2262578,0.142316268494284,0.184485982812461
SNP_A-1875196,0.142125584939147,0.168566711235587
SNP_A-4226709,0.142107009153536,0.205618080973737
SNP_A-4215030,0.142105940191288,0.240218674631883
SNP_A-2059120,0.141930106201525,0.237400482470137
SNP_A-2261095,0.141664448727141,0.184227674532621
SNP_A-2310365,0.141639466717185,0.167285234168846
SNP_A-4284133,0.141121820038136,0.225379102821579
SNP_A-4279802,0.141039979752181,0.264197635166809
SNP_A-1859651,0.140949465245657,0.199298345154581
SNP_A-2262866,0.14077303324887,0.205079105184995
SNP_A-4204477,0.140619387910017,0.197630505296844
SNP_A-2248483,0.140518227046186,0.157500098842108
SNP_A-1899522,0.140294496809456,0.211303091488944
SNP_A-1986124,0.140137591761675,0.162075190395243
SNP_A-1947545,0.140019237568861,0.258556290338364
SNP_A-2161654,0.139818527968172,0.245783180483986
SNP_A-4245864,0.139653431198691,0.199180624490764
SNP_A-2088668,0.139531710230045,0.185713701524508
SNP_A-4298045,0.139260021022334,0.205553173864339
SNP_A-2132273,0.139019983239859,0.203217816791057
SNP_A-4298645,0.138171715574405,0.208196132410099
SNP_A-4199431,0.13753103216843,0.178445889087161
SNP_A-1891785,0.137423083767186,0.179282306130099
SNP_A-1964027,0.137387686973265,0.202156204802316
SNP_A-1898509,0.137380877196866,0.159114986352556
SNP_A-4243048,0.136998417853139,0.183780753564454
SNP_A-2286794,0.136826334316813,0.210689390419381
SNP_A-1964971,0.136490869311863,0.195322382402233
SNP_A-2129392,0.135932154343031,0.192993829091526
SNP_A-1946492,0.135875000249988,0.146089169171809
SNP_A-2192698,0.135788810072197,0.192056991976849
SNP_A-1895940,0.13553372392645,0.214432628528473
SNP_A-2228217,0.135330687986139,0.203304730642532
SNP_A-1962359,0.134846819676922,0.238088985360392
SNP_A-4255721,0.134789172919807,0.17727835342266
SNP_A-2146512,0.13469082638425,0.176843138627591
SNP_A-1923104,0.13429793916575,0.24357746248513
SNP_A-4249152,0.134194164036548,0.183339363486758
SNP_A-2117943,0.134077616657978,0.186382720434257
SNP_A-2032876,0.134057723226778,0.228623904967675
SNP_A-4251360,0.134014445977868,0.164882643366458
SNP_A-4252581,0.133746370268282,0.213789828318438
SNP_A-4246410,0.133201389724243,0.166642817113599
SNP_A-4251813,0.132888338862276,0.191496201843429
SNP_A-2052888,0.132741210210628,0.145627347423911
SNP_A-4250603,0.132598988415235,0.175197119712604
SNP_A-2015647,0.132067601553791,0.132178384742603
SNP_A-2174726,0.132018313337555,0.154182252449629
SNP_A-1938420,0.132010319738772,0.179936769584461
SNP_A-4275273,0.131881705362203,0.173770672877241
SNP_A-1913115,0.13163808367594,0.241784606204674
SNP_A-4263827,0.131614448092253,0.177015836659678
SNP_A-2153578,0.13148257941763,0.193578503486314
SNP_A-1853156,0.130958355597866,0.154030041276145
SNP_A-1982346,0.130913413537794,0.202565901486222
SNP_A-1872084,0.130829387423004,0.197295847194662
SNP_A-4197507,0.130802127755372,0.227642685536801
SNP_A-4250549,0.130717191739389,0.162341940325924
SNP_A-2083541,0.130666495454866,0.163140702901552
SNP_A-2208711,0.130468065914076,0.184316746229746
SNP_A-1976662,0.130230502784728,0.181821721375886
SNP_A-1833920,0.130222828257653,0.233264912956683
SNP_A-2044616,0.130201164797135,0.206192562814776
SNP_A-1873220,0.130184640244863,0.22475987927092
SNP_A-4301664,0.129741988934909,0.16744933098072
SNP_A-1785237,0.129332049211021,0.169373851824256
SNP_A-2024778,0.129105406792539,0.204193082615638
SNP_A-2041617,0.128923406021839,0.177339580730413
SNP_A-4207010,0.128819521462788,0.129599526032571
SNP_A-2245897,0.128640526586838,0.198096226236485
SNP_A-1980689,0.128295454820996,0.206095615713821
SNP_A-2272068,0.128137071227226,0.16108859919051
SNP_A-2249305,0.128131690993374,0.20119553065904
SNP_A-4234552,0.127921176268049,0.176458713591588
SNP_A-1978335,0.127445450903019,0.147825651885836
SNP_A-2213351,0.127442285418783,0.23021501429254
SNP_A-1963311,0.127321243144715,0.196303148765813
SNP_A-2032341,0.127210957777774,0.212757618737393
SNP_A-4258102,0.127016551189361,0.23484662701545
SNP_A-1960145,0.12678897638369,0.139204662533644
SNP_A-4229071,0.126691952394982,0.29894659162963
SNP_A-4296001,0.126461309753481,0.195479470319434
SNP_A-2197151,0.126434059294487,0.174960854247476
SNP_A-1785879,0.126324225396647,0.165788646255771
SNP_A-2151957,0.126187102364902,0.194369274485262
SNP_A-4256892,0.125739002676816,0.234340787647742
SNP_A-2288308,0.125682346054484,0.132304727088556
SNP_A-2034154,0.125560957112157,0.163841870305134
SNP_A-2045703,0.125380819557106,0.159332925138737
SNP_A-4221972,0.125292473249865,0.186232981672076
SNP_A-1826973,0.125174506583993,0.155519357552887
SNP_A-1953710,0.125075090338828,0.197718179023898
SNP_A-1974527,0.125060489228896,0.229114830424907
SNP_A-4286225,0.124657376125722,0.186956088893644
SNP_A-1860872,0.12459754451938,0.154192659506316
SNP_A-4243892,0.124570221336214,0.223925934824796
SNP_A-4268579,0.124546871540921,0.167611504356134
SNP_A-2186230,0.124506784772394,0.19879912067869
SNP_A-2078985,0.124000197137723,0.151080716848278
SNP_A-2137588,0.123990434622364,0.136798563915659
SNP_A-4194700,0.123974835295239,0.149797081070047
SNP_A-1844893,0.123916970630336,0.228219410059507
SNP_A-4261061,0.123762084791933,0.175306160582256
SNP_A-4296511,0.123711398646172,0.215076092400147
SNP_A-4299787,0.123682547076792,0.210383734561673
SNP_A-2170150,0.123469188072611,0.152773804556813
SNP_A-1856588,0.123300910390146,0.141515894743132
SNP_A-1977850,0.123284983898173,0.163994720160801
SNP_A-2254718,0.123256151057546,0.151889749916184
SNP_A-2186255,0.123213883545189,0.195604290558847
SNP_A-2013013,0.123192754996785,0.141062034312831
SNP_A-4218122,0.123189622492438,0.141941427597417
SNP_A-4289268,0.123180356836088,0.133659116113775
SNP_A-1847796,0.123116151694584,0.194101741097741
SNP_A-4255283,0.123046027295405,0.170823963585739
SNP_A-2235344,0.122892078184565,0.186089492198292
SNP_A-1794442,0.122878790478612,0.156708516413067
SNP_A-2268068,0.122868897320823,0.206258991410474
SNP_A-4266917,0.122671988804579,0.206491671137171
SNP_A-2189888,0.122639974726325,0.183531578078365
SNP_A-2129099,0.122625960422761,0.142636358575902
SNP_A-1983887,0.122440989884383,0.160900874186452
SNP_A-2224592,0.12213205225994,0.180146801847259
SNP_A-4287114,0.122028797335326,0.163853214400566
SNP_A-1975258,0.121439201510705,0.172975128778121
SNP_A-2147126,0.121255583140823,0.149556056243924
SNP_A-2119724,0.121057399911932,0.242088329116295
SNP_A-2141709,0.120973958766455,0.147506205880584
SNP_A-1861051,0.120874063810547,0.1577404069287
SNP_A-1833194,0.120838247749838,0.186464520734514
SNP_A-2235987,0.12072184444744,0.18617959392935
SNP_A-4233286,0.120215980983343,0.166685503679463
SNP_A-2297240,0.120204351103066,0.161584018308778
SNP_A-4286266,0.120015859424654,0.127585466657124
SNP_A-1885022,0.120004667952206,0.152358612432547
SNP_A-4303425,0.119964731230288,0.196355334288906
SNP_A-4215751,0.119917432331543,0.171210672129172
SNP_A-4194958,0.119916726666324,0.166850426341391
SNP_A-1811560,0.119615327799,0.231404246457907
SNP_A-1867302,0.119589817849694,0.149353092903423
SNP_A-4285465,0.119162659919597,0.141335457506897
SNP_A-4266592,0.118830368375082,0.140407569331254
SNP_A-2022810,0.118824132709436,0.20623973222127
SNP_A-2302337,0.118629338480589,0.16329612315792
SNP_A-2235127,0.118478834993025,0.183575324001407
SNP_A-2228308,0.118377010552642,0.1724897954606
SNP_A-2197216,0.118336757896061,0.189456513353694
SNP_A-1890951,0.118295682029049,0.197038688087631
SNP_A-1924643,0.118236992830579,0.133252365516141
SNP_A-4205585,0.118142317670209,0.175284766737605
SNP_A-2093398,0.117997763408466,0.164157699613304
SNP_A-1802495,0.117969706691754,0.196425049353005
SNP_A-4194034,0.117896154090902,0.133855181234518
SNP_A-1893548,0.117814706754112,0.174923741106596
SNP_A-2080373,0.11772280542508,0.224885287420767
SNP_A-1893866,0.117700137318506,0.162575690543959
SNP_A-4248459,0.117384800801086,0.20690620895285
SNP_A-2130702,0.117375481762156,0.150499304229607
SNP_A-4252470,0.117244469133853,0.213058954863764
SNP_A-1973464,0.117218170427943,0.159374687240018
SNP_A-2178894,0.116885610127028,0.139957032316037
SNP_A-1839499,0.116874101013904,0.154188494542197
SNP_A-4234653,0.116816634111547,0.187436067005581
SNP_A-2196589,0.116625392377929,0.165326733956621
SNP_A-2306516,0.116576009255542,0.212301517954867
SNP_A-4254702,0.116319141873062,0.155290384082603
SNP_A-1870709,0.115905195803543,0.144895697607293
SNP_A-2253583,0.115845108031897,0.133905348917523
SNP_A-2079218,0.115748581129075,0.164598007528724
SNP_A-4295665,0.115657976456004,0.148390309491561
SNP_A-4294127,0.11559132247217,0.17776254906568
SNP_A-2065988,0.115584453323674,0.165451480094025
SNP_A-2237374,0.115255413391885,0.206801762643123
SNP_A-4285036,0.115168891431744,0.190546752168515
SNP_A-2076099,0.114845057702685,0.214981638060616
SNP_A-1895716,0.114707932522389,0.195256344462701
SNP_A-4285472,0.114597231869654,0.187259547959179
SNP_A-1820405,0.114443669299937,0.126748609394235
SNP_A-2200515,0.114282315861771,0.133379603960495
SNP_A-4242097,0.113757638121855,0.174766205102289
SNP_A-1968015,0.113569820071349,0.1564561737858
SNP_A-4298444,0.113524211988249,0.160337411773454
SNP_A-4240477,0.113500573831573,0.160707140218294
SNP_A-4239293,0.113277607506117,0.155182621850994
SNP_A-2178472,0.113179790730579,0.153393792784591
SNP_A-1975495,0.11306721965595,0.152267026955321
SNP_A-2143752,0.113053525223245,0.19737240762263
SNP_A-1841584,0.112836680273715,0.129340575114348
SNP_A-2068703,0.112827934629575,0.160819152849718
SNP_A-1836527,0.11278608520251,0.132255411382867
SNP_A-1875159,0.112675949557405,0.202897815335332
SNP_A-2230271,0.112670839704198,0.154313807859825
SNP_A-2144584,0.112416827350035,0.18980065240369
SNP_A-4266508,0.11231924332423,0.123599561867848
SNP_A-4261190,0.112261120175746,0.184038124614501
SNP_A-4304410,0.11222730525508,0.149449575678902
SNP_A-4262585,0.112222949342545,0.180752642885537
SNP_A-4270064,0.112133455898635,0.142416485548584
SNP_A-2201961,0.112072173070289,0.158448005271389
SNP_A-4256053,0.112047743714973,0.134791686442498
SNP_A-4232075,0.111904486710295,0.182198194285307
SNP_A-2184475,0.111888958771459,0.158656392684261
SNP_A-2307214,0.111864420532491,0.119089494164361
SNP_A-2261787,0.111844793642132,0.175645392450352
SNP_A-1993460,0.111805335302959,0.132736225781741
SNP_A-4209698,0.111480298317625,0.140747470446568
SNP_A-1860054,0.111176922101659,0.151642714008651
SNP_A-2144193,0.111132874507382,0.207146600035713
SNP_A-4234629,0.111059185955017,0.161743344350405
SNP_A-4273140,0.110963698666813,0.171103542901972
SNP_A-2132806,0.110927209260655,0.197250790516973
SNP_A-2231078,0.110897382252658,0.152241757764976
SNP_A-2273848,0.110883863985849,0.130147607851669
SNP_A-1871223,0.110820580506223,0.189016218398405
SNP_A-2142316,0.110767491628824,0.149273136242325
SNP_A-2040055,0.110698768425725,0.187547901927328
SNP_A-2308737,0.110582911681409,0.132554222472639
SNP_A-1893201,0.110467345435128,0.240061735872878
SNP_A-2208211,0.110388675285886,0.161751145550135
SNP_A-2298644,0.110193081788287,0.14809917082648
SNP_A-4279940,0.110051395899443,0.160887588464702
SNP_A-2188215,0.109982767124397,0.219137141451361
SNP_A-4262568,0.109762837511763,0.164837612488485
SNP_A-2125671,0.109589719511653,0.157598179361901
SNP_A-1988509,0.109585080831989,0.127862132943677
SNP_A-4271176,0.109530307801403,0.162688781234376
SNP_A-1921725,0.109419066689901,0.125400482977847
SNP_A-4286007,0.109396090050555,0.142714931624835
SNP_A-2202686,0.109295923437835,0.216481450906298
SNP_A-2250153,0.108964304812255,0.166293136517127
SNP_A-2045857,0.108888495783571,0.14428948222983
SNP_A-1988483,0.108802456987763,0.137529313674827
SNP_A-2165959,0.108577240484492,0.132278515306349
SNP_A-4291777,0.108508496014133,0.109653269021636
SNP_A-2097964,0.10845772113075,0.129563895915721
SNP_A-4301674,0.10842515326146,0.149596412631939
SNP_A-1784319,0.108258203347821,0.11577428220615
SNP_A-4211358,0.108141803757793,0.142488897714226
SNP_A-1957101,0.107935630659441,0.154038930138724
SNP_A-2078472,0.107931058573282,0.237898393391077
SNP_A-2021827,0.10787235040209,0.184379732213677
SNP_A-1823631,0.107809447068361,0.130185126808465
SNP_A-4216371,0.107761284134796,0.136063738938198
SNP_A-1838488,0.107630078288382,0.123791774642882
SNP_A-1834128,0.107611121724961,0.150898642877665
SNP_A-2281068,0.107591260647263,0.124603469790048
SNP_A-4224936,0.107476623933363,0.140588425043176
SNP_A-4299693,0.107120732747999,0.146297655270062
SNP_A-2139019,0.107093820609777,0.117811549254981
SNP_A-1959707,0.106939345184561,0.136288270242973
SNP_A-4198175,0.10685377242604,0.118782376705081
SNP_A-1866744,0.106841899137844,0.155835513050923
SNP_A-4235647,0.106806792648255,0.163146752943412
SNP_A-1952085,0.106554205351802,0.125243801731328
SNP_A-2190786,0.106127038428878,0.122960214421958
SNP_A-2261109,0.106011771244699,0.169119061426672
SNP_A-4251179,0.105879141917765,0.120056559414822
SNP_A-2042207,0.105570613550748,0.135705291019028
SNP_A-4269046,0.105503492479758,0.137611048957067
SNP_A-4227424,0.105446858436464,0.123770397307221
SNP_A-4296062,0.105278847503571,0.123882845280521
SNP_A-1869547,0.105156888824188,0.147759322529823
SNP_A-4286099,0.105093441235456,0.135165422959643
SNP_A-1965915,0.105048759899696,0.203396542590356
SNP_A-1876416,0.104972000554256,0.11988229796918
SNP_A-2128212,0.104853904021331,0.113351243464689
SNP_A-1780358,0.104705866376191,0.211991019857784
SNP_A-2154453,0.104677032469557,0.118594099154722
SNP_A-1969637,0.104632828440793,0.162577808037261
SNP_A-1842315,0.104567249319926,0.13506614913827
SNP_A-1822994,0.104320232492917,0.140694316140855
SNP_A-1974811,0.104265110592033,0.128257969331159
SNP_A-4287932,0.104257506292288,0.188534721784186
SNP_A-1924487,0.104148601324131,0.16452837649105
SNP_A-4303967,0.104114127670005,0.172082860531604
SNP_A-1782343,0.104105765886283,0.138599850358751
SNP_A-1982846,0.104009245554487,0.141358500011699
SNP_A-1871779,0.103835814229234,0.177192959617813
SNP_A-2075816,0.103597356437103,0.123630743435813
SNP_A-1876126,0.10352080383552,0.157542991593534
SNP_A-4212559,0.103295106359036,0.148087415365773
SNP_A-1902334,0.10305862001404,0.163438930983218
SNP_A-4252118,0.103052029181628,0.139357652041691
SNP_A-2165272,0.102932162149406,0.126588628449448
SNP_A-2190836,0.102870696567961,0.103714171026498
SNP_A-4287178,0.102829015673435,0.134113868897025
SNP_A-2191972,0.102690792688586,0.128197296234161
SNP_A-2223171,0.102568413834833,0.138557614213317
SNP_A-4246034,0.102527027420076,0.151037287386969
SNP_A-2255573,0.102463418917253,0.130243034440758
SNP_A-4221672,0.102237802005891,0.133370443973076
SNP_A-2288339,0.102226724534844,0.187065195863927
SNP_A-2248836,0.102213045754646,0.115097940404908
SNP_A-2049612,0.102114213257765,0.110757653558524
SNP_A-1857692,0.102023795080522,0.212461034491889
SNP_A-2172923,0.101935321686099,0.112916433461732
SNP_A-1991121,0.101884411092052,0.110820713010933
SNP_A-4296496,0.101840211686123,0.143847844183048
SNP_A-4291087,0.101770012500349,0.145233054767593
SNP_A-1924339,0.101587686456372,0.126016110834644
SNP_A-4297956,0.10145149039969,0.15594001036717
SNP_A-4288519,0.10143558266529,0.15399397388072
SNP_A-4254519,0.101377453718566,0.140098204130934
SNP_A-4278079,0.101179664507144,0.155245924272687
SNP_A-4296256,0.10116737460584,0.146078657987242
SNP_A-2185141,0.101061104431067,0.122132532619714
SNP_A-2287038,0.101044910745482,0.115339166866976
SNP_A-2172494,0.100661842543921,0.174405501031424
SNP_A-4230099,0.100601312548932,0.141771154446411
SNP_A-4210079,0.1005591132295,0.105115625585927
SNP_A-2302726,0.100557945386449,0.18444545115833
SNP_A-4217042,0.100521654090889,0.139019404459372
SNP_A-1871210,0.100465540625873,0.123600946090851
SNP_A-2067918,0.100447956228186,0.129677988314691
SNP_A-1979005,0.100391535091456,0.135425811838427
SNP_A-4284186,0.100385796960982,0.107100276380199
SNP_A-4242202,0.10031538216418,0.152117893209107
SNP_A-1799749,0.100089306920961,0.14671915633292
SNP_A-4205118,0.100087237776875,0.128038471040041
SNP_A-4301242,0.0999374808129632,0.100524938572885
SNP_A-2130828,0.0997496573113547,0.136122242434097
SNP_A-2181313,0.0997099450297594,0.127567568364872
SNP_A-1910362,0.0996303207757193,0.157115556023175
SNP_A-2191488,0.0995076887597299,0.12503047587929
SNP_A-4304527,0.0994438095683101,0.129833461258643
SNP_A-2255575,0.0991724028561412,0.173150940801285
SNP_A-4299667,0.0991554782874079,0.116890822385651
SNP_A-1980476,0.0991335158352974,0.129812854749479
SNP_A-1787377,0.0991087508411803,0.134480271016638
SNP_A-4228466,0.098971811057165,0.112473375848669
SNP_A-2123393,0.0988051724070761,0.125327744117571
SNP_A-1949394,0.0987951832524165,0.142123311670453
SNP_A-2052051,0.0987531263094993,0.118831538130418
SNP_A-2115607,0.0987324923940408,0.12755536228614
SNP_A-1847707,0.098645919296878,0.165677958175292
SNP_A-1838552,0.0985476881853578,0.101789957674147
SNP_A-1788572,0.0985091545841126,0.137338318017727
SNP_A-4233387,0.0984123948296645,0.102173413865557
SNP_A-2039605,0.0983668989856257,0.135104107807677
SNP_A-2083445,0.0983243973308787,0.134750967845211
SNP_A-4284140,0.0983019237785681,0.115912038214042
SNP_A-2191178,0.0982351332058369,0.148382010424012
SNP_A-1925951,0.0980831211182244,0.136001232679311
SNP_A-2225768,0.098076680286729,0.164557068813754
SNP_A-4281597,0.097916656997975,0.130648015208787
SNP_A-1856709,0.0978216141967009,0.176774251275243
SNP_A-4249323,0.0977519727452686,0.167449005301963
SNP_A-1971369,0.0977087220142561,0.130073728994047
SNP_A-2088987,0.0975195030210841,0.159469183708615
SNP_A-1864165,0.0975138811106903,0.115242096947675
SNP_A-1793595,0.0973572175411936,0.123060597291014
SNP_A-1883553,0.0973224166314315,0.109116044014049
SNP_A-2005462,0.0972798681094197,0.115693373405599
SNP_A-1949777,0.0972148839154396,0.124130481001746
SNP_A-1965338,0.0972038271148328,0.141037562437562
SNP_A-4287820,0.0971068695672106,0.116036643778598
SNP_A-4258482,0.0970710845960283,0.144642466808286
SNP_A-2096273,0.0970334753956343,0.117463227414727
SNP_A-4206232,0.096935705799199,0.121623549878229
SNP_A-2002252,0.0968999733515479,0.127908336108336
SNP_A-2059661,0.0968649723244037,0.12782150908435
SNP_A-4261876,0.0967582674763848,0.156497858329826
SNP_A-4302205,0.0966796507329399,0.105303626248972
SNP_A-1791439,0.0966116408645888,0.149682249963915
SNP_A-4249980,0.0964542733677543,0.142898594552175
SNP_A-2051409,0.0964342034850652,0.109856870801466
SNP_A-1909678,0.0964303167951165,0.143046161909135
SNP_A-1826134,0.0963587028955054,0.138885610965776
SNP_A-2009939,0.0963486019651901,0.153734797833233
SNP_A-2067086,0.0963276308328663,0.15567835432742
SNP_A-4290208,0.0962711920731346,0.157680234012093
SNP_A-1811550,0.0962121918524424,0.11808006134266
SNP_A-2274180,0.0961197266584425,0.174798857338447
SNP_A-2177943,0.0960865950105095,0.101578758716334
SNP_A-2026476,0.0960004927878039,0.122232947693082
SNP_A-2031794,0.0958828688087766,0.143114118020621
SNP_A-4271140,0.0957944326008599,0.153674901432872
SNP_A-1910977,0.095772399693073,0.119380040365551
SNP_A-4255733,0.0956547149799234,0.137647871320153
SNP_A-2047575,0.095567973459318,0.149655612135948
SNP_A-1978171,0.0954692386693887,0.109884437453088
SNP_A-2050580,0.0953857317486095,0.102431828496913
SNP_A-4258347,0.0952816080491424,0.125801659669805
SNP_A-2001643,0.0952771214176685,0.113148249966797
SNP_A-1835717,0.0952486992383467,0.121871135015016
SNP_A-1874616,0.0952173485307119,0.125507398701501
SNP_A-1930892,0.0951088892731778,0.126483272541096
SNP_A-2192348,0.0950608332778901,0.127465677236941
SNP_A-1872382,0.0950219347132989,0.143128026141778
SNP_A-4259799,0.0949715604656619,0.119602772546724
SNP_A-4270319,0.0948510381673454,0.13125830623594
SNP_A-2247232,0.0946413965010545,0.141097270264963
SNP_A-2309900,0.0946193834902502,0.138406545910822
SNP_A-2122733,0.0946120594213962,0.120252874639919
SNP_A-2252850,0.0945363431905407,0.138902266957554
SNP_A-2017096,0.0944360317242913,0.108096948082788
SNP_A-1889916,0.0944242767869402,0.179366060561012
SNP_A-4277035,0.0944200135394822,0.10778763642347
SNP_A-2079673,0.0943712081396906,0.185529721506504
SNP_A-2268225,0.0943169572193957,0.113352913629698
SNP_A-4204998,0.0943026454039664,0.0989305575178456
SNP_A-1849429,0.0942791588663993,0.108642002295397
SNP_A-4263068,0.0942226762367602,0.139687314184291
SNP_A-4251583,0.094148308983841,0.112094754819924
SNP_A-1983536,0.0939810405266561,0.101577390628784
SNP_A-2064955,0.0939621855357689,0.111028221841282
SNP_A-2029421,0.0938990091831998,0.148054182403342
SNP_A-1987201,0.0935939635051188,0.123699711349885
SNP_A-4263441,0.0933712242603545,0.131235363850903
SNP_A-4246022,0.0932770084893359,0.134293157407863
SNP_A-4213904,0.0931967817998638,0.101958288198275
SNP_A-4273904,0.0930328136215543,0.133999460773911
SNP_A-1858929,0.0929493584596041,0.138086616407379
SNP_A-2267949,0.0927840861352542,0.142953009890347
SNP_A-2086938,0.0927733458532099,0.150509715889428
SNP_A-1895018,0.0927179777878051,0.107340316931987
SNP_A-2167852,0.092692273558424,0.109270030263796
SNP_A-1874869,0.0926389459545795,0.12107423933243
SNP_A-4272091,0.0926046359794708,0.14791578013697
SNP_A-1848179,0.092426842423223,0.130224489869613
SNP_A-1953541,0.0922476207448059,0.122929186804684
SNP_A-4271041,0.0921347025049451,0.109274701331375
SNP_A-4298477,0.0921139299271566,0.147418865103341
SNP_A-4235645,0.0918292517112456,0.108798464382877
SNP_A-4210153,0.0918098029841162,0.129448446432267
SNP_A-1809965,0.0916815278202032,0.109703184545457
SNP_A-4196232,0.0916344299084259,0.111397443013892
SNP_A-4208550,0.0915441493125076,0.111972082318222
SNP_A-4226361,0.0914368431708225,0.132584086486349
SNP_A-4214310,0.0913541925055939,0.120288725222168
SNP_A-1970643,0.0913119604834445,0.11919487620325
SNP_A-2241303,0.091292015006263,0.15081786074775
SNP_A-4274880,0.0911836493513579,0.107223770058871
SNP_A-4289840,0.0910823783737379,0.122157136062158
SNP_A-2230761,0.0907134647310619,0.115345533468827
SNP_A-2276932,0.0905089059344799,0.152641020231669
SNP_A-4298120,0.0904993860071708,0.191047656734181
SNP_A-1972282,0.0904901492896143,0.112906605772847
SNP_A-1858020,0.0903799650308702,0.147835846609986
SNP_A-4301571,0.0902412002076091,0.0923017111037906
SNP_A-1925718,0.0902110890236771,0.108576098971884
SNP_A-4295148,0.0901877276848596,0.128185249276655
SNP_A-4270757,0.0900904582326883,0.139987239269737
SNP_A-4302808,0.0900547997045843,0.114800166242008
SNP_A-4289670,0.0899985995564068,0.118298212733128
SNP_A-1784782,0.0899866065840228,0.177199026612486
SNP_A-1903103,0.0899092499284571,0.113146346837409
SNP_A-4265420,0.0898620784386059,0.108236994115653
SNP_A-4228251,0.0897466555000774,0.203916388836885
SNP_A-1781774,0.0895364333556667,0.109742679884508
SNP_A-4224510,0.0895013676868644,0.140162030636965
SNP_A-2208033,0.0893207247611217,0.138613640558649
SNP_A-2133441,0.0892471836603246,0.115381905891798
SNP_A-2219046,0.0892161821338451,0.120317381004512
SNP_A-1918768,0.089144730180727,0.151342190837326
SNP_A-4283076,0.0891429696706611,0.103900225141952
SNP_A-1997755,0.0887784447839021,0.108778254236432
SNP_A-4285208,0.0887205559222768,0.139163791378651
SNP_A-4304551,0.0886613986159211,0.110013769312351
SNP_A-1885868,0.0884565524869353,0.1097125909317
SNP_A-2180086,0.0884530395732312,0.122115091201856
SNP_A-2118785,0.0883357538254417,0.108086820518227
SNP_A-2032234,0.0882682596141581,0.115184542796823
SNP_A-4225625,0.0881202994962544,0.111143507116594
SNP_A-2043229,0.0880842614483786,0.119372944150482
SNP_A-4271076,0.0879818788058204,0.115078566889383
SNP_A-2148190,0.0879442970925934,0.109774596551056
SNP_A-4212550,0.0879361763287419,0.11460764372663
SNP_A-2189772,0.0874677584562403,0.12254182122399
SNP_A-2271562,0.0874129587816821,0.126047999484222
SNP_A-4273183,0.087379750807905,0.102120407948937
SNP_A-4284198,0.0872528758004337,0.0969357885454604
SNP_A-1839427,0.0872132991556209,0.116302661143182
SNP_A-4297124,0.087207162496424,0.118774313818306
SNP_A-1873890,0.0871276392033958,0.104617587041652
SNP_A-4250001,0.0871003350428508,0.111383352897947
SNP_A-4227717,0.0868466235736925,0.181308534987343
SNP_A-2303579,0.0868324347310925,0.107421201422406
SNP_A-4281925,0.0866898348958074,0.112390636761015
SNP_A-4257198,0.0866636252584498,0.144437070562888
SNP_A-2231773,0.0866256838735005,0.112680591577625
SNP_A-4216062,0.0866184509660438,0.105968903465927
SNP_A-4228791,0.0866100177107163,0.143398972248138
SNP_A-1846306,0.0865665761187449,0.100941100328326
SNP_A-1823092,0.086561268379831,0.205762395542157
SNP_A-1983516,0.0865477535167033,0.0959458107127798
SNP_A-4294798,0.0865281194859989,0.108884985410135
SNP_A-2010588,0.0863589256980135,0.0900515600883525
SNP_A-1859711,0.0862846779292149,0.128576722210333
SNP_A-4234574,0.0862746974038839,0.130349843139199
SNP_A-2118979,0.0861895819270018,0.124045842683922
SNP_A-1890619,0.0861824607397759,0.148492490082309
SNP_A-4237720,0.0861147479850688,0.0928338078549179
SNP_A-1976712,0.0859587456806234,0.159768334786105
SNP_A-2274222,0.0856340671945338,0.161193268470854
SNP_A-1822287,0.0856022822409379,0.106475208345719
SNP_A-4267566,0.08552638900848,0.115164196016041
SNP_A-4302764,0.0853351262733452,0.128104633647819
SNP_A-1908700,0.0853331821149913,0.122299356924801
SNP_A-4238609,0.0852590512398152,0.136375248172601
SNP_A-4256485,0.085096780885365,0.130052405815158
SNP_A-2225667,0.085063094464276,0.123421292169891
SNP_A-2131283,0.0849712354260662,0.111770318272236
SNP_A-1966458,0.0847516083895024,0.0942314837162843
SNP_A-4197853,0.0847051437499577,0.140370472107238
SNP_A-4299632,0.0846229164109023,0.118582385446271
SNP_A-4221274,0.0846023435154359,0.123487127707954
SNP_A-2082940,0.0845842059955568,0.117906276235517
SNP_A-4297431,0.0845433788212794,0.113866951539908
SNP_A-4252682,0.0844819692774227,0.118865777210904
SNP_A-2200657,0.0843571575049352,0.105753573323935
SNP_A-1914560,0.0839724274382852,0.0893783915247323
SNP_A-4303293,0.0837460268457415,0.131325915992253
SNP_A-4251580,0.0836912744466408,0.191053381577538
SNP_A-4266661,0.0835800236271533,0.0961412032079199
SNP_A-1798116,0.0835011763493955,0.108733527777259
SNP_A-4252897,0.0834080696714092,0.128587857747391
SNP_A-1811150,0.0833599472225425,0.13064602486904
SNP_A-1983125,0.0833474190743223,0.149866824728206
SNP_A-2169139,0.0832328593187536,0.129481996516653
SNP_A-2175607,0.083062941501456,0.125377621821245
SNP_A-2181947,0.08284859956163,0.128646587159956
SNP_A-1987836,0.0823737476838549,0.170353908278353
SNP_A-2130477,0.0823344286485956,0.101649239875359
SNP_A-4255211,0.0823106772770118,0.128372190345107
SNP_A-2056014,0.0821696611833403,0.101587396184978
SNP_A-4260651,0.082134645675337,0.111017709351378
SNP_A-2070121,0.0821041631646924,0.110195035928694
SNP_A-1802011,0.0820886091562218,0.102487298904523
SNP_A-1913141,0.0818634462371932,0.120438435089618
SNP_A-4196970,0.0818236130657221,0.117993399358759
SNP_A-2183628,0.081631886302908,0.121417212020638
SNP_A-1997908,0.081563893007319,0.142599970872105
SNP_A-2180802,0.0814250137400928,0.105904429794629
SNP_A-1881362,0.0813490437870768,0.102489921428166
SNP_A-1873868,0.081298738230459,0.119030555462061
SNP_A-1835408,0.0810101593892734,0.126885062767883
SNP_A-2262583,0.0809876998860049,0.0910631959067122
SNP_A-4249735,0.0807807103707742,0.109935553342947
SNP_A-2305948,0.0807125928773405,0.136219953969047
SNP_A-4245816,0.0806259010863152,0.147417739811507
SNP_A-4264442,0.0806075531392199,0.105700584255577
SNP_A-2241911,0.0805362647957679,0.129036791413695
SNP_A-4302955,0.0804593043415006,0.135349823485528
SNP_A-1920966,0.0803289534667855,0.142190295681401
SNP_A-1818278,0.0802505539018058,0.092029862163973
SNP_A-4237025,0.0801860540569665,0.100541001496712
SNP_A-1972536,0.0801417971371888,0.116656181606625
SNP_A-2027948,0.0800295893669147,0.111928021691087
SNP_A-2030253,0.0799994896172204,0.100828584527672
SNP_A-4231098,0.079987910746327,0.112843472783623
SNP_A-2232135,0.0799087253342621,0.132238845258063
SNP_A-4214890,0.0798934881894187,0.127231729856191
SNP_A-2297366,0.0795765069343413,0.097286665469568
SNP_A-1946746,0.0794640371648138,0.0932803548820416
SNP_A-4270615,0.0794177876570012,0.117525779694146
SNP_A-1973109,0.0791637672771332,0.107039236595377
SNP_A-2285385,0.0791438277740454,0.0881056063734653
SNP_A-2276407,0.0791327187849455,0.101263181737133
SNP_A-4249022,0.0790492483577655,0.13603837954079
SNP_A-1927653,0.0788720241846258,0.104474603376525
SNP_A-4299320,0.0787047259483326,0.12620342709707
SNP_A-2105416,0.0785529494727916,0.131856460495602
SNP_A-2220237,0.0785392765620052,0.194874202461876
SNP_A-2294266,0.0782920156707813,0.118823572877071
SNP_A-2274722,0.0782364257052885,0.0973154478916751
SNP_A-4255878,0.0780249271514545,0.112652008354927
SNP_A-1883607,0.0780190926185343,0.113054936704406
SNP_A-4218213,0.0780135425645097,0.14737658714232
SNP_A-2101308,0.0779953323943497,0.138263734426723
SNP_A-1987785,0.0777392653084733,0.0957411858972458
SNP_A-2227951,0.0776554141340012,0.0863873154842315
SNP_A-2222833,0.0776005928704112,0.0945833351704572
SNP_A-4299103,0.0775887884632481,0.0931557524803078
SNP_A-2130238,0.0775484605852644,0.152649943738178
SNP_A-2055454,0.0774479583156269,0.120773869750869
SNP_A-4281569,0.0774438342936877,0.108646309012789
SNP_A-4273742,0.0774153015720441,0.116051709914712
SNP_A-4262792,0.0773815515615665,0.0935579585802092
SNP_A-4289342,0.0772673692513534,0.0957393214824341
SNP_A-2074642,0.0771888428228161,0.104736027583063
SNP_A-2016966,0.0770819151260253,0.114050262778561
SNP_A-1983632,0.0770180043081961,0.116722309989455
SNP_A-2023696,0.0769137112677337,0.107477911464078
SNP_A-1802556,0.076903295153886,0.0906596900175848
SNP_A-4269333,0.0767451266801462,0.104521700298176
SNP_A-1864087,0.0766626633193395,0.0954862338385051
SNP_A-4285414,0.0766444069031176,0.13055258907094
SNP_A-1841151,0.0766225367825743,0.131746004000567
SNP_A-1938174,0.0765816154893157,0.117162987587026
SNP_A-1847740,0.0765587109316001,0.112584033265494
SNP_A-1982107,0.0765020262681676,0.101958893933393
SNP_A-1892033,0.0764730116668577,0.127893138653097
SNP_A-1872638,0.0764564133504348,0.134697829181991
SNP_A-2291518,0.0762613601129648,0.113078644299622
SNP_A-4269579,0.0761117329983994,0.120917767319239
SNP_A-2234396,0.0760927161228437,0.117303933285762
SNP_A-2060362,0.0760650450579461,0.0950770429038222
SNP_A-1894045,0.0760152880715367,0.0851928356235955
SNP_A-1965827,0.0760031866222562,0.0946835478247243
SNP_A-2141778,0.0759451817778035,0.0857738293018298
SNP_A-2190515,0.0759334940603585,0.117115815539196
SNP_A-4239991,0.0759193968258514,0.11211061055657
SNP_A-2030869,0.0758508844582728,0.121090930336783
SNP_A-2078307,0.0756563074543865,0.119236802217908
SNP_A-2138270,0.0755974829453214,0.110491347627877
SNP_A-2130157,0.0755672741945039,0.0984589692896785
SNP_A-2037492,0.0754722608754978,0.096254494123522
SNP_A-2291919,0.0754283344053391,0.0897493666346021
SNP_A-4292885,0.0753651379851316,0.0911697158632622
SNP_A-2061342,0.0753201496780351,0.082142288038666
SNP_A-4220588,0.0750800775019418,0.0847667376687765
SNP_A-4221942,0.075068203184693,0.10618097537379
SNP_A-4288792,0.0750190972686728,0.0941781342642381
SNP_A-2121403,0.0749675031161974,0.098514103555886
SNP_A-1971113,0.0749008841757482,0.106106447521189
SNP_A-1830713,0.074855078105445,0.0987782338576456
SNP_A-2142520,0.074692064769909,0.0866414156009808
SNP_A-4223159,0.0746326551299859,0.0807260647314332
SNP_A-2057182,0.0746022617243325,0.106410278136279
SNP_A-4261472,0.0745148511472286,0.133524625443335
SNP_A-2134334,0.0744522845609344,0.110005348310228
SNP_A-1941789,0.0744336724379549,0.110963626226148
SNP_A-4277211,0.0744256015912724,0.0958434446832414
SNP_A-4244953,0.0742708916851445,0.0968299395724541
SNP_A-4222114,0.0737824351526805,0.108082023420631
SNP_A-4288428,0.0736591792339523,0.105600164626637
SNP_A-2192219,0.0736175791950712,0.117650908133147
SNP_A-1781340,0.0735842369257367,0.0985688797688798
SNP_A-4242139,0.0735672617252657,0.125213371395696
SNP_A-4218644,0.0732564167715295,0.14026871675327
SNP_A-4273220,0.0731847846918482,0.101007219778188
SNP_A-4279491,0.0730255484305859,0.132481453192917
SNP_A-4253663,0.0729635913345363,0.11132176502066
SNP_A-2285118,0.0729618418116414,0.100024096363407
SNP_A-4279717,0.0728078802869719,0.0931536625069806
SNP_A-1912914,0.0724489141441304,0.0856858624639513
SNP_A-1975134,0.0723852520079324,0.127875587535561
SNP_A-4296572,0.0723127034710771,0.085417756588789
SNP_A-4276880,0.0720948655478284,0.0899252416055965
SNP_A-1822235,0.0720866430585317,0.0856454008380991
SNP_A-2201899,0.0719532651321022,0.119554628047179
SNP_A-4203893,0.0719077745603428,0.0826626555941081
SNP_A-2189492,0.0718768412910294,0.0834677650899294
SNP_A-4273329,0.0717916867260024,0.0826637092423434
SNP_A-2073334,0.0716767485800834,0.0984036476686987
SNP_A-4276521,0.0715402539211108,0.104880836152809
SNP_A-4283143,0.0715308943720228,0.0914256798097206
SNP_A-4261733,0.0714788963981645,0.0936743391388777
SNP_A-4271526,0.071409136915339,0.0900024244002846
SNP_A-2071829,0.0713578843972276,0.13603209356507
SNP_A-1843973,0.0711958483983409,0.0730079411835361
SNP_A-4288570,0.0711934030844632,0.0866909923606873
SNP_A-2066957,0.0711856692910154,0.151354566599854
SNP_A-2256119,0.0710043024904568,0.0934604982886467
SNP_A-4239070,0.0709715307076625,0.143742170917036
SNP_A-2135090,0.0708932940013201,0.106279671703146
SNP_A-2094516,0.0708738613049113,0.0721850580641934
SNP_A-1893371,0.0708276541696476,0.109441142849772
SNP_A-2063747,0.0705201349924097,0.134263955934679
SNP_A-4249009,0.0705194812657184,0.0840195469630626
SNP_A-1983971,0.0704567842970174,0.104121371136752
SNP_A-2167939,0.0703494144881435,0.0990127022423127
SNP_A-4215731,0.0699025833123196,0.146483603494675
SNP_A-1978261,0.0698306010635628,0.105418206511993
SNP_A-4225598,0.0698217081990405,0.10525991084833
SNP_A-4277443,0.0694492298869589,0.115840279099862
SNP_A-1867876,0.0693288156255246,0.122680307428974
SNP_A-2278867,0.0692339732315376,0.0736740827236491
SNP_A-4272113,0.0692196576562818,0.0902091313947542
SNP_A-2160800,0.0690794692014655,0.0782805545090109
SNP_A-1909418,0.069048089571628,0.123274565790351
SNP_A-2148685,0.0688352981989751,0.0835450235263924
SNP_A-4236987,0.0687998200707627,0.0802926535951124
SNP_A-2195780,0.0687227656084429,0.0908935114496713
SNP_A-2144909,0.0686936812301086,0.0844583523748175
SNP_A-4276203,0.0685602540149516,0.116129739286667
SNP_A-1980111,0.0683619603891073,0.129556774830078
SNP_A-4245767,0.0683589301730104,0.0900836299536615
SNP_A-1909086,0.0682700072628351,0.121840672521226
SNP_A-4258952,0.0679820053974309,0.0783336022453228
SNP_A-1888781,0.0675555950079427,0.103656132875155
SNP_A-4193697,0.0674928299900193,0.0956037383554569
SNP_A-2213244,0.0674378571584607,0.132176128846226
SNP_A-4255458,0.0673890824850112,0.101322017995949
SNP_A-1983728,0.0673389383592012,0.0943892819963331
SNP_A-1898690,0.0672456402061345,0.12404605161528
SNP_A-4240285,0.0671716900813491,0.0710231906867848
SNP_A-4243164,0.0669923119130282,0.0787984019022254
SNP_A-1932581,0.0669394461925364,0.0794217120734963
SNP_A-1898348,0.0668695129305443,0.105855047852592
SNP_A-1912966,0.0668658611861272,0.0913773686083949
SNP_A-1974261,0.0668651209840919,0.0917619047619048
SNP_A-4251672,0.0668279150349676,0.107401725039586
SNP_A-4290798,0.0667457257816206,0.0962455725018685
SNP_A-4293527,0.0665775280357323,0.113265368873966
SNP_A-1930541,0.066377055922974,0.119080302901698
SNP_A-4226208,0.0663731803881789,0.0957753588919822
SNP_A-2064353,0.0663405942663096,0.0834970967534343
SNP_A-2167555,0.0663324369691683,0.0817493791471021
SNP_A-4279599,0.0662159686410102,0.0925123645274574
SNP_A-1850577,0.0661814358543931,0.108777147018991
SNP_A-4221886,0.0661352930545337,0.0838650660496244
SNP_A-4207170,0.066070993894159,0.0830750942012119
SNP_A-2158699,0.065929200476014,0.120275513000613
SNP_A-4250663,0.0657743807575709,0.0783481366698165
SNP_A-2280979,0.0654623470588221,0.0871595925264337
SNP_A-1944053,0.0654544234014202,0.0769286005917398
SNP_A-2132178,0.0654273340225023,0.0734937152974304
SNP_A-4293594,0.0653832954770446,0.118161833489823
SNP_A-1903363,0.0653771370590416,0.0951503461964554
SNP_A-1783460,0.0652318460184914,0.113154652703155
SNP_A-4249199,0.0650956002932852,0.107018828476237
SNP_A-4280843,0.0647998266719365,0.075423189035955
SNP_A-4219739,0.0647836643817053,0.104524670518831
SNP_A-4270840,0.0647832029528859,0.113346852391022
SNP_A-1828825,0.0646707154312254,0.0770573711116068
SNP_A-2201345,0.0646560188278962,0.0940014493667213
SNP_A-2113023,0.0644873730109967,0.110748498596602
SNP_A-1977208,0.0644525093282436,0.069235568622751
SNP_A-4299979,0.0643918727004924,0.114918195727714
SNP_A-2271825,0.0643757472356307,0.0898668929143985
SNP_A-2057184,0.0642469190894199,0.0734365918138867
SNP_A-1852952,0.0641742457946396,0.0761829955561787
SNP_A-1963695,0.0640083233833858,0.0853258551508739
SNP_A-4269993,0.0638283271593219,0.0958053278572805
SNP_A-1936782,0.0637703666151644,0.0956685882320888
SNP_A-1805458,0.0637121185336544,0.0871934634067097
SNP_A-2105271,0.0636713288841101,0.128646667118986
SNP_A-1983093,0.0636056096011954,0.0825383423652928
SNP_A-2267351,0.0635217253897985,0.115219232647281
SNP_A-1933641,0.0635098647451975,0.0941953864353553
SNP_A-2308704,0.0632914308092612,0.0821076225072249
SNP_A-4274004,0.0631866474982775,0.127547309808027
SNP_A-4261008,0.0631736511413948,0.0717702221076704
SNP_A-1886586,0.0631532495676473,0.067551747461345
SNP_A-4219101,0.0631195509508603,0.0890047247047176
SNP_A-1860193,0.063106106774151,0.16090512292882
SNP_A-4280753,0.0630354621377401,0.0918498707217291
SNP_A-1896716,0.0627975869225046,0.0990775862848802
SNP_A-1985705,0.0627171106773638,0.0950741552211064
SNP_A-4202841,0.0624549069310804,0.124332385448393
SNP_A-1927377,0.0622706620598099,0.0800210697750231
SNP_A-4215125,0.0622621074293434,0.0650789173751725
SNP_A-1867396,0.0621355793597024,0.0721952411180674
SNP_A-1967003,0.0619205206806678,0.0949368118381001
SNP_A-4253218,0.0618403779244557,0.0750934565173887
SNP_A-1972955,0.0616819378690343,0.120750165499682
SNP_A-1908738,0.0616385755832645,0.0963034624607731
SNP_A-1926522,0.0614320560546483,0.102685001007594
SNP_A-1844456,0.0612851475859056,0.0951200832681961
SNP_A-4295310,0.0610570838346053,0.0705549880239519
SNP_A-1791952,0.0610253950248285,0.0925322927301243
SNP_A-2314450,0.060622922729734,0.114674562887163
SNP_A-4226776,0.0605871331068501,0.0923965303296564
SNP_A-4272810,0.0604755380887016,0.0803432145629832
SNP_A-4275756,0.0601518779181073,0.0635050657983415
SNP_A-4265506,0.0601313735799939,0.0911227978249676
SNP_A-4209013,0.0598508734139986,0.110296270965431
SNP_A-4279631,0.0598375246914538,0.0621252605844409
SNP_A-1860680,0.059715557074597,0.0739423417565518
SNP_A-1863498,0.0595456419013968,0.169106820589728
SNP_A-4292265,0.0595239148542757,0.0873968165889492
SNP_A-2283144,0.059375723352232,0.0734447080666673
SNP_A-4304360,0.0591920224559591,0.0839675436137539
SNP_A-2180324,0.0591799934060722,0.0797139572068209
SNP_A-1871525,0.0587689804460291,0.103879494644894
SNP_A-2117130,0.0587438223383236,0.124005241323572
SNP_A-4252428,0.0586685103932317,0.0758084149113191
SNP_A-4279110,0.0580917852764067,0.102794565931287
SNP_A-2296469,0.0578568694213014,0.0835496121451965
SNP_A-2257315,0.0576376101946079,0.0910871016248894
SNP_A-2033563,0.0576269506811193,0.105937738607068
SNP_A-1935380,0.0573060124321233,0.0885802194882275
SNP_A-1858749,0.0571481942950751,0.0911390121449575
SNP_A-4246367,0.0571296084545031,0.111000749978784
SNP_A-4285381,0.0569944327988946,0.118794365759535
SNP_A-4278933,0.0568850604493313,0.111043096496987
SNP_A-1827111,0.0568804023594609,0.102449599163517
SNP_A-4288043,0.0568716079690176,0.0684147003252735
SNP_A-4237417,0.056833472942789,0.0735450421924467
SNP_A-4299258,0.0565570733143652,0.109661713571666
SNP_A-2026228,0.0564443022045777,0.088935250529025
SNP_A-1999063,0.0561983072525392,0.0864078864227836
SNP_A-2068910,0.0559419493760914,0.108564563405314
SNP_A-2068054,0.0556343860449975,0.0792781760271134
SNP_A-4208206,0.055604402254809,0.10500179705663
SNP_A-1916823,0.0555004803088153,0.106015682819379
SNP_A-2051465,0.0554323933767317,0.0831296541509536
SNP_A-1982751,0.0552830214195288,0.107256236360794
SNP_A-1931336,0.0548695328308675,0.0958439117633591
SNP_A-4202208,0.0548247346537049,0.0691136294348808
SNP_A-2011725,0.054816718621971,0.080460814055246
SNP_A-1946355,0.054641664213283,0.0782738499345432
SNP_A-1969969,0.0546161031860228,0.0847321169526716
SNP_A-2179510,0.0545286857055964,0.0671483607226299
SNP_A-4290001,0.0544967837036716,0.0877502245422681
SNP_A-4270446,0.0544864615440357,0.0832773640384219
SNP_A-2191570,0.0544704555978965,0.0878481261021671
SNP_A-4207056,0.0544470939915238,0.0957654582059521
SNP_A-4212715,0.0543634136490302,0.0801266026446225
SNP_A-2065202,0.0541618782112345,0.086101627539457
SNP_A-1875223,0.0540873673775103,0.0864116966374264
SNP_A-4251030,0.0538902996734131,0.0918836581108996
SNP_A-4194324,0.0537028481173178,0.105049701401128
SNP_A-4215378,0.0533727504995967,0.084109791017081
SNP_A-4234477,0.0533566838496676,0.0804685277193304
SNP_A-2172313,0.0532806437112884,0.0569706882274473
SNP_A-1840040,0.0532380413156385,0.0871280810821633
SNP_A-2089378,0.0528773260937444,0.0920571196571748
SNP_A-2171310,0.0525190403513251,0.0924841158500669
SNP_A-1797669,0.0524315412704204,0.0759959664483003
SNP_A-4236127,0.0523670385521644,0.0539437088123557
SNP_A-1967286,0.0523514777933208,0.0762013452897743
SNP_A-1912724,0.0523120606214829,0.0756931271543023
SNP_A-1994026,0.0522346310397788,0.0856666160182026
SNP_A-4293358,0.0520349575660914,0.0979313764508694
SNP_A-1907482,0.0520242729284,0.0957940027855908
SNP_A-1952908,0.0520181506225652,0.103171190046716
SNP_A-2042501,0.0519623397142334,0.0524866109014598
SNP_A-4303535,0.0514385211440137,0.081664880209343
SNP_A-2157733,0.0514122268031424,0.0691403272249123
SNP_A-2286749,0.0512244911604331,0.0599539631864232
SNP_A-1907470,0.051216891581819,0.082723796449589
SNP_A-2092399,0.0511569671397254,0.0791373582563718
SNP_A-2153418,0.0508362751307542,0.0620678693587643
SNP_A-2097134,0.0507623031499419,0.0687184846393669
SNP_A-1943788,0.0506744449361139,0.0990400449466171
SNP_A-4289142,0.0504139804647836,0.1029241409047
SNP_A-4241038,0.0503733516031647,0.05716942587826
SNP_A-2115122,0.0501083188296486,0.0513627828463441
SNP_A-2177444,0.050057219765673,0.0912736729226277
SNP_A-1936547,0.0500382631577694,0.0594234383162867
SNP_A-2180100,0.049983889766364,0.0850688933516838
SNP_A-2006411,0.0498273815227106,0.0864854748351944
SNP_A-2019811,0.0497391266769488,0.0829154730268608
SNP_A-2224984,0.0495609527257018,0.0550505566329096
SNP_A-2088467,0.0494699090112253,0.060804808533452
SNP_A-2204459,0.0493647818045322,0.0843754866498125
SNP_A-4218758,0.049338213713887,0.0588876567329297
SNP_A-2080192,0.0490874781688784,0.0856035608637004
SNP_A-1871128,0.0490694995485911,0.0760615537549447
SNP_A-2016407,0.0488545317889546,0.0569128536162739
SNP_A-2113287,0.0488226533751891,0.0772367321456784
SNP_A-2077860,0.0487291431811474,0.085189290394582
SNP_A-2013695,0.0487076629802482,0.0583594893562493
SNP_A-2261634,0.0486757214755077,0.0559929691880639
SNP_A-1941196,0.0483243458205422,0.0788593203866111
SNP_A-1942115,0.048279195212614,0.0806954373552142
SNP_A-2295664,0.0482508452543371,0.0895565968670616
SNP_A-4263538,0.0482358961311538,0.08762177917047
SNP_A-1813900,0.0481079358785323,0.0725002967707597
SNP_A-1791494,0.048039325561787,0.0793423133885497
SNP_A-4263082,0.0477493484808977,0.0850103345594218
SNP_A-4228310,0.0477086463649438,0.103092890661783
SNP_A-1892165,0.0476808872238958,0.0581708418381308
SNP_A-4277719,0.0476509188994773,0.0681470367815929
SNP_A-2055951,0.0474971330166864,0.0758810470566703
SNP_A-1815548,0.047320265950566,0.0732392518593347
SNP_A-2029604,0.0472983468878806,0.0900008740294065
SNP_A-2297635,0.0471577050822056,0.0475222482955712
SNP_A-4297900,0.0470268930847783,0.0847641713658623
SNP_A-2061054,0.0470243839592917,0.0851043222800964
SNP_A-2067990,0.0468268975231337,0.0864929512475109
SNP_A-2072427,0.0467362208756893,0.0878678069531566
SNP_A-1883717,0.0467138712282819,0.0756317238005123
SNP_A-4199528,0.0467108457772095,0.0828286563621089
SNP_A-2247405,0.046663274625793,0.0774655856769247
SNP_A-2283308,0.0465073427958725,0.0749604579229068
SNP_A-1954980,0.0464402655924706,0.0583869458032754
SNP_A-4226166,0.0463946528434425,0.0825584848675333
SNP_A-2004459,0.0463537363279504,0.0849863247570276
SNP_A-2247444,0.0463475375864714,0.0779548870708963
SNP_A-2305044,0.0462457383874073,0.0808891385858039
SNP_A-1937436,0.0461369156234091,0.0668527861448811
SNP_A-2071998,0.046119655687069,0.109206699441806
SNP_A-2072297,0.046008867728496,0.0873833768187488
SNP_A-4294654,0.0459644444731441,0.0637503194243348
SNP_A-2071803,0.045935251380902,0.0550240327658343
SNP_A-2232313,0.0457407096036645,0.0745345363682323
SNP_A-1887401,0.0456985981504007,0.0774522423135068
SNP_A-2020974,0.0456928827079345,0.0958866413572328
SNP_A-2192752,0.0456834064292171,0.115141329077233
SNP_A-2065303,0.0454508764870724,0.109208781859422
SNP_A-2068198,0.0454342390363871,0.0880879607327389
SNP_A-2015392,0.0451629992404091,0.0673148320604506
SNP_A-2034629,0.045063565723395,0.0456509417083739
SNP_A-2173112,0.045016790549095,0.0663085273600661
SNP_A-2120755,0.0449920178973266,0.103353822328889
SNP_A-1932698,0.0449172342413311,0.0703155873830979
SNP_A-1814717,0.0446629286910581,0.104379296779656
SNP_A-1846278,0.044471602990872,0.0848852769258321
SNP_A-4239106,0.0443492632145816,0.0696113469419836
SNP_A-1845613,0.0442014820089015,0.0939188891283989
SNP_A-4220865,0.0441449003428443,0.045116159776842
SNP_A-1964822,0.0441121717813181,0.0785236153893693
SNP_A-4276017,0.0441110240794403,0.0778186629275689
SNP_A-1942025,0.0441070005819093,0.0663121519134706
SNP_A-1961128,0.0437743910896426,0.0909914191199857
SNP_A-1953394,0.0437650292948244,0.0669133711813386
SNP_A-4218733,0.043748798847171,0.0536975868323637
SNP_A-1982874,0.0435058863220727,0.0462175894662783
SNP_A-1869561,0.0432678592083901,0.0652983669708282
SNP_A-4283462,0.043253069642194,0.0813518162719385
SNP_A-1909721,0.0431439232613336,0.0693559574907782
SNP_A-2247944,0.0430981869334827,0.0585179639622214
SNP_A-2184161,0.0428398988110369,0.0686064149374044
SNP_A-1829843,0.0423876912599847,0.108652164242547
SNP_A-4291442,0.0422180332341487,0.0709282889244278
SNP_A-4217693,0.0419750993273096,0.0717408638582428
SNP_A-2109307,0.0419668941224388,0.0429567827995355
SNP_A-1955468,0.041923705615255,0.0936037733949805
SNP_A-4293392,0.0419117947836138,0.0433792142255771
SNP_A-4297282,0.0418551108233812,0.0771338654381125
SNP_A-4247322,0.0415497562473828,0.0635897145493754
SNP_A-4234433,0.0415440173164315,0.0627894976112574
SNP_A-1858478,0.0413406715527792,0.0514477580936463
SNP_A-1853957,0.0412734888776071,0.0845533782853939
SNP_A-1968531,0.0412560572997337,0.044913986264414
SNP_A-4291113,0.0411354077741743,0.0592434878859151
SNP_A-4196084,0.0411216342021128,0.064839960365411
SNP_A-4249180,0.0410621812110833,0.065945754721741
SNP_A-4228220,0.0410596081952658,0.0575055333242298
SNP_A-2297247,0.040970521672791,0.072074238108409
SNP_A-1883505,0.0409515114393991,0.0845304948801601
SNP_A-4219497,0.0405745134756999,0.0774485654653545
SNP_A-2078423,0.0405459536690417,0.0752436133123865
SNP_A-1944311,0.0405438745119473,0.0502104851291084
SNP_A-2084960,0.0404960997330263,0.0711047780952667
SNP_A-2057316,0.0404028230751657,0.0795472924243295
SNP_A-4215971,0.0403553081227322,0.0593154118225543
SNP_A-1917758,0.0401496573986122,0.0557244877518282
SNP_A-1923799,0.040148357043698,0.0637671954092849
SNP_A-1812180,0.0401310763135544,0.0696321911614591
SNP_A-2036719,0.0400502396124126,0.0692979087935664
SNP_A-2104912,0.0399150194417216,0.0832159657510723
SNP_A-4234135,0.0399001304932522,0.0708091227311213
SNP_A-2160853,0.0397241005312318,0.0629543476345675
SNP_A-2245132,0.0397024208269883,0.0893104572048639
SNP_A-4205358,0.039694241608423,0.0591449412279963
SNP_A-4276850,0.0395041632233526,0.0727658049966929
SNP_A-4232884,0.0392711995097741,0.0664588985750613
SNP_A-1937953,0.0391324342290611,0.0515635993070193
SNP_A-1836440,0.0391240792478982,0.0598954236005343
SNP_A-4300421,0.0387753058662842,0.0618429155073193
SNP_A-4194021,0.0386399695449586,0.0910936065609459
SNP_A-2010851,0.0385596173762975,0.0470772152331345
SNP_A-4214544,0.0385050751328297,0.0580422414528941
SNP_A-2232386,0.0382251729138359,0.0576011060718178
SNP_A-1851081,0.0381990526041226,0.0733281288923936
SNP_A-4303598,0.0381052354719097,0.0597580537167899
SNP_A-2067363,0.0380331743896039,0.0448507719622162
SNP_A-4196713,0.037767897357927,0.0560684079602663
SNP_A-1921396,0.0376247053714204,0.0431688516174273
SNP_A-2216804,0.0376167753949145,0.0694476899280903
SNP_A-2170581,0.0375580636480073,0.0459815221539288
SNP_A-2214113,0.0375106473919853,0.062346726262376
SNP_A-2154237,0.0374370234985808,0.0713700531402738
SNP_A-2296604,0.0373188545991451,0.0573822718979612
SNP_A-4209301,0.0367652210852736,0.0646698443167245
SNP_A-1884937,0.0366545853546574,0.0578681460069346
SNP_A-2311745,0.036560613613792,0.055303627330607
SNP_A-4241837,0.0365270295343145,0.0579481317275922
SNP_A-4283790,0.0364333879213324,0.0767504377131605
SNP_A-4232232,0.0364096845628826,0.0387415926666817
SNP_A-1799382,0.0363281551197476,0.0742448821779772
SNP_A-1906383,0.0361058451136542,0.0587880758085416
SNP_A-1993174,0.0358310101856131,0.0818173779628205
SNP_A-2300265,0.0357494011443318,0.0568091526043065
SNP_A-4207140,0.03573686703575,0.0564532975144831
SNP_A-2180617,0.0356189975848834,0.0768591592064579
SNP_A-2251262,0.0355953296439955,0.0624502510297825
SNP_A-1872725,0.0354136757663701,0.0817899186631107
SNP_A-2263862,0.0352418803558599,0.0573793852004501
SNP_A-2240228,0.0350967627268159,0.0544437386077271
SNP_A-4236921,0.034989153991851,0.0531900041584178
SNP_A-2012388,0.0347355162718144,0.0596914794773242
SNP_A-2128090,0.0347150476885944,0.0635263258315703
SNP_A-1979664,0.0345484468361034,0.0541337234835145
SNP_A-2104049,0.0345483628610151,0.0530304216557261
SNP_A-2126539,0.0344196947680656,0.0514047261404199
SNP_A-1885767,0.0343973628880857,0.0580436196613553
SNP_A-1856448,0.0341620991195736,0.0468608718871159
SNP_A-2089421,0.0340657395076942,0.0541450176192066
SNP_A-2279735,0.0339731071638445,0.0469280651672439
SNP_A-2229839,0.0338638954379095,0.0636575989192332
SNP_A-2052864,0.0335420652988233,0.0829878601003397
SNP_A-1928504,0.0334942844407423,0.0471472485590876
SNP_A-2153079,0.0334730155754584,0.0491294111700467
SNP_A-2132266,0.0334210661885058,0.0456425763798395
SNP_A-4266310,0.033395539699634,0.0521204254738748
SNP_A-4208045,0.0333536406129792,0.0709307117415747
SNP_A-2282518,0.0331001875776988,0.0532143126612448
SNP_A-1848331,0.0329020797719074,0.06604448874861
SNP_A-2275845,0.032622786728728,0.0580207442750228
SNP_A-2303016,0.0325405062619968,0.0402920794220553
SNP_A-2245282,0.0324992523797286,0.0524466229988154
SNP_A-4224800,0.0324679731170072,0.0570856129017521
SNP_A-4254863,0.0323928133993263,0.0341369093929145
SNP_A-2056663,0.0321421494735633,0.0599400131561984
SNP_A-4236619,0.0316671105226883,0.0373936001824646
SNP_A-1833563,0.0316564390795719,0.0418699892912549
SNP_A-1818326,0.0316520252570114,0.057858875112761
SNP_A-1890262,0.0315397527468859,0.0409788938167897
SNP_A-4196644,0.0314427221353464,0.0491016133958096
SNP_A-2019799,0.0314354078099007,0.0486274517702357
SNP_A-2150780,0.0314295521397102,0.0498140235824931
SNP_A-2199810,0.0313476060155069,0.0534409396652257
SNP_A-2238373,0.0313284338347069,0.0360680986532916
SNP_A-2212963,0.0311701945398225,0.0577505614196726
SNP_A-1801061,0.0310867052940345,0.0341417370875636
SNP_A-2070284,0.0309434762009257,0.0538467643251828
SNP_A-2057790,0.0307647127791408,0.0659383580749041
SNP_A-2146730,0.0306833292152938,0.0487210139828133
SNP_A-2204745,0.030506486743004,0.0476929072367689
SNP_A-2285148,0.0303282809128775,0.0335257156114047
SNP_A-1861028,0.0302580965919234,0.0659530092083558
SNP_A-1853240,0.0302002193646186,0.0457413363605713
SNP_A-2191218,0.0301658626722345,0.0476873489957991
SNP_A-4292751,0.0299948644594142,0.0519193340787292
SNP_A-4232520,0.029972620369863,0.0509740527010913
SNP_A-2048396,0.0298928304906028,0.0570422802425598
SNP_A-4222253,0.0298643599586975,0.0347510328860507
SNP_A-1803603,0.029805489999235,0.0480813100046559
SNP_A-4286270,0.0296727386634848,0.0505418909445829
SNP_A-4300148,0.0296622406631634,0.0525644187751437
SNP_A-4234635,0.0296219675774703,0.0510702108893636
SNP_A-1963156,0.0295874648530747,0.0545055186775013
SNP_A-2268439,0.0294237882787874,0.0450620575799405
SNP_A-4233999,0.0293946000716398,0.0497371245312828
SNP_A-4202580,0.0293271429172111,0.0463180889748609
SNP_A-2226622,0.0293088380103014,0.0711188234429318
SNP_A-1951971,0.0290622122489793,0.0356321387274087
SNP_A-1809543,0.0290608557468107,0.0323033325780831
SNP_A-2038037,0.0290166726732275,0.044999874836164
SNP_A-1946740,0.0289105201059781,0.0440875525374458
SNP_A-1823987,0.028896987981324,0.0595471639785934
SNP_A-4202892,0.0288592885739736,0.05381303568027
SNP_A-4218658,0.0288184327164576,0.0490093229728204
SNP_A-1974535,0.0286962822859608,0.0502307370356174
SNP_A-2090521,0.0286761762178545,0.0430327093227977
SNP_A-4221665,0.0286617756736781,0.0685255902377993
SNP_A-2166980,0.0286324202759894,0.057079847544313
SNP_A-2032931,0.0285006412565316,0.0480732118810394
SNP_A-1836340,0.0284557219518024,0.0363686752909537
SNP_A-2168809,0.0284254669423817,0.0590980682991459
SNP_A-2188895,0.0282608057296749,0.0319687366145696
SNP_A-2142192,0.0281785408520337,0.042385264604448
SNP_A-1982051,0.0281175325797419,0.0659174329040608
SNP_A-1812020,0.0279891371430552,0.0438944871947567
SNP_A-1983655,0.027807802492757,0.0595063578408218
SNP_A-4219567,0.0277919670505181,0.0582134208623018
SNP_A-4289168,0.0276623276771578,0.0350342130012099
SNP_A-2053240,0.0276464866883137,0.0386263067099607
SNP_A-2160973,0.0275639602459647,0.0547336315447456
SNP_A-4256530,0.0274906999388613,0.0604470264911766
SNP_A-4249611,0.0274871314094297,0.0383407642316005
SNP_A-4226608,0.0274625326339619,0.0610576643064897
SNP_A-2250250,0.0274506614812989,0.0437299694144599
SNP_A-4239137,0.0273880034948428,0.041224644539616
SNP_A-2042546,0.0273221050386278,0.0392485929897277
SNP_A-4196050,0.0271491655700958,0.0307887805056411
SNP_A-2081122,0.0270514036523739,0.0276935231758985
SNP_A-2116521,0.0269764319712694,0.0430805966605202
SNP_A-4215680,0.0269257680449205,0.037554901230137
SNP_A-4193711,0.0268136863975391,0.0418877811128063
SNP_A-1894699,0.0267352935481385,0.0539639553838533
SNP_A-1997866,0.0266929897339904,0.057575112445442
SNP_A-4281917,0.0266059470928745,0.0652245613877826
SNP_A-2035287,0.0264813878270381,0.0298494115679269
SNP_A-2105020,0.0264712370866898,0.0409129749876919
SNP_A-2027142,0.02647064739836,0.0437985682777498
SNP_A-4257241,0.0264043952345104,0.0314784588336102
SNP_A-2022461,0.0263998880771123,0.0380232300597007
SNP_A-2275572,0.0262644218003946,0.050679623533447
SNP_A-4197085,0.0261440933258206,0.0397226224442975
SNP_A-2075695,0.0260852092377996,0.0439108735548241
SNP_A-4294532,0.0260371591658817,0.0480706633102111
SNP_A-4278443,0.0259790098223209,0.0417710706181725
SNP_A-2232130,0.0259474109835387,0.0467062916459356
SNP_A-1849658,0.0256274552058935,0.0387636527430755
SNP_A-2247629,0.0255651440395345,0.0389174810523559
SNP_A-2222872,0.0255070370614804,0.044535589290044
SNP_A-2180470,0.0254970469015585,0.0649746731448655
SNP_A-4270221,0.0254620354434394,0.0383798376563824
SNP_A-2188912,0.0254129349325422,0.0296758182567645
SNP_A-2071830,0.0253505097240453,0.0400282488843567
SNP_A-1849571,0.0251117217862578,0.0364007162997883
SNP_A-2112732,0.0250247254353475,0.056768922523018
SNP_A-1803591,0.024986830288912,0.0540220862157928
SNP_A-1809998,0.0249588263169046,0.0457668811422868
SNP_A-2162087,0.02492413233225,0.053693387777964
SNP_A-2157992,0.024884348164248,0.0497686963284961
SNP_A-2157500,0.0248803912736955,0.0436164723702311
SNP_A-4238846,0.0247871776438507,0.0537726284617868
SNP_A-2141428,0.0245905747790385,0.0514861742550137
SNP_A-1869844,0.0244554465071046,0.038896852290373
SNP_A-4216056,0.0244344449381513,0.0290695167840822
SNP_A-4196051,0.0244056639044818,0.0661102063419541
SNP_A-1798180,0.0243945434668209,0.0397023399682964
SNP_A-1993281,0.0243573523909267,0.0464342445575712
SNP_A-2105633,0.0242409897048102,0.0484819794096204
SNP_A-4272435,0.0241255578853015,0.0473470701705687
SNP_A-2308115,0.0240964912231329,0.0369298067564185
SNP_A-1813366,0.0240335477012942,0.0384981071853688
SNP_A-2026256,0.0239996371511014,0.0362278457307743
SNP_A-2308224,0.023986419011112,0.0416164918015856
SNP_A-4230443,0.0239208382139415,0.029360848706328
SNP_A-2278635,0.023880384684232,0.0390157870802964
SNP_A-2257480,0.0238793645670662,0.0506404041111163
SNP_A-2293058,0.0237074109368613,0.0381510718606124
SNP_A-2113272,0.0236549431271832,0.0413419670771931
SNP_A-1971465,0.0232549096707755,0.0399411820876727
SNP_A-2184032,0.0232273824272878,0.0454416633506106
SNP_A-4263267,0.0231874195614356,0.0285175404856972
SNP_A-4256119,0.0231164929506161,0.0408734178134428
SNP_A-2029305,0.0230317065444965,0.0297227204483004
SNP_A-4196931,0.0230142509061493,0.0390828153906931
SNP_A-2260282,0.0229982309665548,0.0551186268093698
SNP_A-4197769,0.0227920282187308,0.0393998183737319
SNP_A-1797253,0.0226787129934842,0.0467212453634312
SNP_A-1811202,0.0226680457603877,0.0353256681298785
SNP_A-2119397,0.0226111494460511,0.0241384134222627
SNP_A-2141449,0.0225740730571185,0.0421769422181533
SNP_A-2084120,0.0225115447782477,0.0422089525710116
SNP_A-4273658,0.0223681493843662,0.0295246790472753
SNP_A-2226385,0.0222943324664687,0.0341019987887311
SNP_A-4226975,0.0222922622213177,0.0333174683978416
SNP_A-1879936,0.0220967894706545,0.0426040423105588
SNP_A-2016939,0.0218824128109632,0.0506578175915336
SNP_A-2148650,0.0218457259550571,0.0262707004477936
SNP_A-1955435,0.0217327124197353,0.0356266648392618
SNP_A-2302185,0.0216677583470139,0.0242012901036132
SNP_A-4221415,0.02166218050434,0.0369981390289211
SNP_A-2219417,0.0216047674020015,0.0362994591916656
SNP_A-2015540,0.0214997682172618,0.0419682000259344
SNP_A-2276943,0.0213487248433187,0.0422656147254199
SNP_A-1839459,0.021242670602627,0.0242741921817914
SNP_A-4226416,0.021227490177636,0.042295510913715
SNP_A-2175212,0.0210911688711816,0.0488766727309715
SNP_A-2050762,0.0210766447077163,0.0366605975385001
SNP_A-1934517,0.0209456955752927,0.0215127130622277
SNP_A-1847727,0.0208591398259928,0.0590861914078029
SNP_A-2130798,0.0207078097901388,0.0459157365490212
SNP_A-1967954,0.0205373483542296,0.0400370688272783
SNP_A-1905687,0.0203424435379048,0.0301483522442361
SNP_A-2116851,0.0202801110300596,0.0328479723398921
SNP_A-1824725,0.0201316557663939,0.0374327377389226
SNP_A-2168444,0.0201158875044822,0.0339158424087047
SNP_A-1961762,0.0200398763231944,0.0235039335543584
SNP_A-1836974,0.0199929140990154,0.0329858281980308
SNP_A-2104047,0.0195414821098475,0.0365301362961132
SNP_A-4232271,0.0193391678532058,0.0194026071246485
SNP_A-2163784,0.0193383281141207,0.0395560721784911
SNP_A-4247200,0.0191519595236924,0.0339937393257026
SNP_A-2253616,0.0191470810095664,0.0300777990652551
SNP_A-4297378,0.0190869432077502,0.0195653715126308
SNP_A-4205319,0.0190483730858127,0.0498132304261549
SNP_A-1976934,0.0188538953105374,0.0344174480378452
SNP_A-2312749,0.0186593060909543,0.0232091502153037
SNP_A-2211778,0.0184490708849638,0.0447977051538705
SNP_A-2210125,0.0183885323313314,0.0336503950606796
SNP_A-1936759,0.0183340810083283,0.0287675718828535
SNP_A-4193481,0.0182438060137632,0.0391315532551744
SNP_A-2081238,0.0181685029000994,0.0321336892616344
SNP_A-4233073,0.0181240259342052,0.0273024960155485
SNP_A-2234538,0.0181209498043494,0.0315878804550656
SNP_A-1821474,0.018066908158653,0.047054981330216
SNP_A-2227600,0.0180375231805796,0.041125194247597
SNP_A-4221836,0.017946739334241,0.0298217977200414
SNP_A-4224499,0.0175645166577324,0.0267867797588312
SNP_A-2026707,0.0175109155145533,0.0277779465046106
SNP_A-4203819,0.017509013214018,0.0308240658804991
SNP_A-2229251,0.017191279864626,0.0482405062605447
SNP_A-2190682,0.0171391895607762,0.0264049256771308
SNP_A-2237563,0.0169546156377575,0.0258849149291232
SNP_A-1822442,0.0168784655643791,0.0247238890033808
SNP_A-4217070,0.0167144345091304,0.0308872068554254
SNP_A-2076759,0.0165652067218969,0.0346464547492967
SNP_A-2003036,0.0164481181973529,0.0293848979946394
SNP_A-4286535,0.0162709176554699,0.0251679116137761
SNP_A-2224762,0.0161118457204202,0.0366809477892798
SNP_A-2238011,0.0160753920889785,0.0185885590599876
SNP_A-2273241,0.0160668694721284,0.0215792358803987
SNP_A-2137624,0.0160546219399994,0.0444521924359109
SNP_A-4205890,0.015856301754904,0.0209501675068006
SNP_A-4226641,0.0155474944487447,0.0306886843646871
SNP_A-2239627,0.015139106447619,0.0311715905090825
SNP_A-2306766,0.0150578075815232,0.0393552603536253
SNP_A-1822109,0.0150103049001809,0.0280976918159638
SNP_A-1808902,0.0149274983492963,0.0440309381879218
SNP_A-2125860,0.0148303136472372,0.0313604583861478
SNP_A-2073224,0.0146578015151414,0.0253143111490625
SNP_A-4206026,0.0146184957123882,0.0249807486797426
SNP_A-4208580,0.0145616583726347,0.0278974150803588
SNP_A-2038936,0.0143149914423943,0.0149842685990744
SNP_A-4276219,0.0142690835925614,0.0245197846206528
SNP_A-1981038,0.0142022957103057,0.0224701308819125
SNP_A-2057808,0.0141013761280058,0.0207609619575209
SNP_A-2111468,0.0138986382875986,0.0305749147223266
SNP_A-4238786,0.0138696064492085,0.0233222113038911
SNP_A-4248475,0.0138320312646659,0.0342604855375198
SNP_A-2049693,0.0137197228298388,0.0236542894910297
SNP_A-4239912,0.0135562943069245,0.0209578763133659
SNP_A-4237910,0.0134935468632933,0.0222502516213234
SNP_A-2037586,0.0132288306396182,0.0213080263742338
SNP_A-1829963,0.0132036150079166,0.0254118112073247
SNP_A-4240458,0.0131441452402972,0.0300991023875584
SNP_A-1868720,0.0131322691221484,0.0235249811964805
SNP_A-1862774,0.0130504469069214,0.0203549019607843
SNP_A-4296512,0.0129599729503344,0.0146429902981318
SNP_A-1838795,0.0125441716147181,0.0213727224865627
SNP_A-1937862,0.0124364518761569,0.0252170479361631
SNP_A-1896044,0.0124097390472534,0.0210242485416531
SNP_A-1922932,0.0123126508052244,0.025006336978618
SNP_A-4269206,0.0122967136521287,0.0254739414263969
SNP_A-1785339,0.0121504107458459,0.0209207045326275
SNP_A-2225180,0.0120114915191952,0.0168561649696244
SNP_A-2079061,0.0120028763335722,0.0246872004292879
SNP_A-1845319,0.0118826407168853,0.0232083145116785
SNP_A-1868959,0.0118631932365047,0.0183129340244894
SNP_A-1914292,0.0118042282058142,0.0219322884920216
SNP_A-1877687,0.0117159130983485,0.0262259958859562
SNP_A-1830135,0.0115967990124251,0.0235393661161899
SNP_A-2299592,0.0115400526034447,0.0230801052068895
SNP_A-4229636,0.0115336146304516,0.0274000734559558
SNP_A-2287031,0.0115284665699657,0.0182858957663132
SNP_A-4261896,0.0114753661299825,0.0183204436229077
SNP_A-1827742,0.0105720698053946,0.0113354948278524
SNP_A-2177771,0.0104036283890485,0.0227225784791002
SNP_A-2096403,0.0101172859261734,0.0192439615237084
SNP_A-4238646,0.00972146386962647,0.0167171325637795
SNP_A-4283220,0.00958965572748131,0.0111213725587033
SNP_A-2022954,0.0091746835443038,0.0103493670886076
SNP_A-2036054,0.00898190232730653,0.0196232180461359
SNP_A-1789635,0.00888552032726202,0.0164212074464325
SNP_A-2268575,0.00882484126279117,0.014991084049841
SNP_A-4236852,0.00881708598715734,0.0197586569601913
SNP_A-2235789,0.00877424300052723,0.0263227290015817
SNP_A-2236852,0.00863448414175913,0.0187696634115239
SNP_A-2064876,0.00825393927092139,0.0220951511460975
SNP_A-2154939,0.00818226365762804,0.015103658293304
SNP_A-1783372,0.00802530714990648,0.0173841340101059
SNP_A-4273006,0.00764907633858467,0.022947229015754
SNP_A-2173991,0.00719657678549378,0.0124502964281304
SNP_A-1805216,0.00713121020590657,0.0109982283188691
SNP_A-2096574,0.00703362184719527,0.0105505540845347
SNP_A-4195161,0.00700680717487016,0.0173303532371357
SNP_A-2112131,0.00693557929724598,0.0102112820512821
SNP_A-4220905,0.00691741957894825,0.0112389059767123
SNP_A-2021063,0.0065315062102989,0.0195945186308967
SNP_A-1948173,0.0058054606518587,0.0116109213037174
SNP_A-4217643,0.00502811319078993,0.0113343395723698
SNP_A-2016091,0.00479696091250232,0.0110444775087488
SNP_A-1980625,0.00462563981912171,0.0104483480287937
SNP_A-2016941,0.0044311980003231,0.0132935940009693
SNP_A-4292204,0.00399520037684303,0.0119856011305291
SNP_A-2198081,0.00385789759628798,0.00765879917184265
SNP_A-4259569,0.00233611111111111,0.00700833333333333
SNP_A-1886299,0.00231561707523249,0.00463123415046497
SNP_A-4258121,0.00183760533321601,0.00367521066643201
SNP_A-2270108,0.000666666666666667,0.002
